nome,url,Total de pullRequests,Data de Atualizacao,Total de releases,Total de issues abertas,Total de issues fechadas
freeCodeCamp/freeCodeCamp,https://github.com/freeCodeCamp/freeCodeCamp,12521,2020-03-07T03:24:47Z,0,14227,14062
996icu/996.ICU,https://github.com/996icu/996.ICU,1020,2020-03-07T03:16:45Z,0,0,0
vuejs/vue,https://github.com/vuejs/vue,950,2020-03-07T02:55:55Z,208,8836,8541
facebook/react,https://github.com/facebook/react,6416,2020-03-07T03:22:38Z,89,8861,8396
tensorflow/tensorflow,https://github.com/tensorflow/tensorflow,9267,2020-03-07T03:38:40Z,99,23471,20303
twbs/bootstrap,https://github.com/twbs/bootstrap,5500,2020-03-07T02:56:02Z,57,19122,18791
EbookFoundation/free-programming-books,https://github.com/EbookFoundation/free-programming-books,2509,2020-03-07T03:28:57Z,0,413,393
sindresorhus/awesome,https://github.com/sindresorhus/awesome,462,2020-03-07T03:39:51Z,0,242,231
getify/You-Dont-Know-JS,https://github.com/getify/You-Dont-Know-JS,342,2020-03-07T03:43:15Z,0,821,748
ohmyzsh/ohmyzsh,https://github.com/ohmyzsh/ohmyzsh,2203,2020-03-07T03:36:06Z,0,3222,3015
jwasham/coding-interview-university,https://github.com/jwasham/coding-interview-university,165,2020-03-07T02:10:43Z,0,104,78
kamranahmedse/developer-roadmap,https://github.com/kamranahmedse/developer-roadmap,26,2020-03-07T03:29:36Z,3,399,390
github/gitignore,https://github.com/github/gitignore,1375,2020-03-07T03:41:08Z,0,0,0
airbnb/javascript,https://github.com/airbnb/javascript,722,2020-03-07T03:44:44Z,0,959,881
CyC2018/CS-Notes,https://github.com/CyC2018/CS-Notes,355,2020-03-07T03:44:07Z,0,378,361
microsoft/vscode,https://github.com/microsoft/vscode,4827,2020-03-07T02:53:49Z,3,84198,79614
d3/d3,https://github.com/d3/d3,433,2020-03-07T03:44:44Z,153,2030,2027
flutter/flutter,https://github.com/flutter/flutter,13742,2020-03-07T03:44:59Z,0,33215,25862
torvalds/linux,https://github.com/torvalds/linux,9,2020-03-07T03:41:19Z,0,0,0
facebook/react-native,https://github.com/facebook/react-native,610,2020-03-07T03:37:41Z,139,18877,18213
donnemartin/system-design-primer,https://github.com/donnemartin/system-design-primer,151,2020-03-07T03:44:59Z,0,110,30
electron/electron,https://github.com/electron/electron,8520,2020-03-07T03:36:50Z,530,12516,11395
vinta/awesome-python,https://github.com/vinta/awesome-python,453,2020-03-07T03:35:29Z,0,163,160
jackfrued/Python-100-Days,https://github.com/jackfrued/Python-100-Days,12,2020-03-07T03:20:21Z,0,291,55
facebook/create-react-app,https://github.com/facebook/create-react-app,1709,2020-03-07T02:40:05Z,73,5511,5086
public-apis/public-apis,https://github.com/public-apis/public-apis,771,2020-03-07T02:28:07Z,0,122,119
Snailclimb/JavaGuide,https://github.com/Snailclimb/JavaGuide,248,2020-03-07T03:25:15Z,0,309,281
axios/axios,https://github.com/axios/axios,304,2020-03-07T02:29:30Z,22,2159,1901
golang/go,https://github.com/golang/go,0,2020-03-07T03:39:38Z,0,36538,31111
jlevy/the-art-of-command-line,https://github.com/jlevy/the-art-of-command-line,301,2020-03-07T02:56:13Z,0,157,78
nodejs/node,https://github.com/nodejs/node,2236,2020-03-07T03:01:12Z,149,11218,10273
TheAlgorithms/Python,https://github.com/TheAlgorithms/Python,859,2020-03-07T02:52:21Z,0,230,216
daneden/animate.css,https://github.com/daneden/animate.css,136,2020-03-07T03:16:48Z,19,692,672
justjavac/free-programming-books-zh_CN,https://github.com/justjavac/free-programming-books-zh_CN,268,2020-03-07T03:31:24Z,3,343,208
kubernetes/kubernetes,https://github.com/kubernetes/kubernetes,41907,2020-03-07T03:04:15Z,374,33916,31803
trekhleb/javascript-algorithms,https://github.com/trekhleb/javascript-algorithms,142,2020-03-07T03:20:14Z,0,123,74
ytdl-org/youtube-dl,https://github.com/ytdl-org/youtube-dl,1403,2020-03-07T03:37:42Z,289,19440,16803
FortAwesome/Font-Awesome,https://github.com/FortAwesome/Font-Awesome,175,2020-03-06T23:14:03Z,35,15615,10458
tensorflow/models,https://github.com/tensorflow/models,1879,2020-03-07T03:09:49Z,10,5118,4042
danistefanovic/build-your-own-x,https://github.com/danistefanovic/build-your-own-x,74,2020-03-07T02:52:48Z,0,299,256
angular/angular.js,https://github.com/angular/angular.js,770,2020-03-06T14:06:39Z,0,8980,8590
puppeteer/puppeteer,https://github.com/puppeteer/puppeteer,1380,2020-03-07T03:25:07Z,36,3718,2872
mrdoob/three.js,https://github.com/mrdoob/three.js,6790,2020-03-07T03:45:30Z,106,9520,9041
angular/angular,https://github.com/angular/angular,2911,2020-03-07T02:22:24Z,0,20216,17348
microsoft/TypeScript,https://github.com/microsoft/TypeScript,9025,2020-03-07T03:01:10Z,98,25413,21251
microsoft/terminal,https://github.com/microsoft/terminal,820,2020-03-07T03:38:22Z,18,3828,2984
laravel/laravel,https://github.com/laravel/laravel,1216,2020-03-07T03:19:55Z,33,0,0
ant-design/ant-design,https://github.com/ant-design/ant-design,4720,2020-03-07T03:15:13Z,322,15925,15476
moby/moby,https://github.com/moby/moby,16120,2020-03-07T00:04:56Z,80,20020,16404
ossu/computer-science,https://github.com/ossu/computer-science,146,2020-03-07T03:12:55Z,0,421,418
iluwatar/java-design-patterns,https://github.com/iluwatar/java-design-patterns,433,2020-03-07T03:01:02Z,0,527,368
mui-org/material-ui,https://github.com/mui-org/material-ui,7436,2020-03-07T03:42:50Z,250,10638,10290
30-seconds/30-seconds-of-code,https://github.com/30-seconds/30-seconds-of-code,637,2020-03-07T03:27:59Z,4,224,218
webpack/webpack,https://github.com/webpack/webpack,2714,2020-03-07T03:44:19Z,214,6938,6566
jquery/jquery,https://github.com/jquery/jquery,444,2020-03-07T00:41:40Z,0,1969,1898
avelino/awesome-go,https://github.com/avelino/awesome-go,2024,2020-03-07T02:03:15Z,0,213,203
vuejs/awesome-vue,https://github.com/vuejs/awesome-vue,2527,2020-03-07T03:22:20Z,0,162,74
nvbn/thefuck,https://github.com/nvbn/thefuck,407,2020-03-07T02:32:58Z,14,522,341
reduxjs/redux,https://github.com/reduxjs/redux,1261,2020-03-07T03:17:12Z,61,1748,1719
atom/atom,https://github.com/atom/atom,3552,2020-03-07T02:46:05Z,506,15473,14984
apple/swift,https://github.com/apple/swift,26462,2020-03-07T02:48:57Z,19,0,0
hakimel/reveal.js,https://github.com/hakimel/reveal.js,325,2020-03-07T02:42:54Z,28,1759,1299
MisterBooo/LeetCodeAnimation,https://github.com/MisterBooo/LeetCodeAnimation,4,2020-03-07T03:36:04Z,0,27,26
PanJiaChen/vue-element-admin,https://github.com/PanJiaChen/vue-element-admin,284,2020-03-07T03:33:38Z,45,2582,2010
pallets/flask,https://github.com/pallets/flask,1004,2020-03-07T03:17:58Z,9,1879,1857
socketio/socket.io,https://github.com/socketio/socket.io,376,2020-03-07T03:44:37Z,18,2807,2352
shadowsocks/shadowsocks-windows,https://github.com/shadowsocks/shadowsocks-windows,197,2020-03-07T03:32:58Z,44,2444,2396
django/django,https://github.com/django/django,5269,2020-03-07T02:47:58Z,0,0,0
expressjs/express,https://github.com/expressjs/express,193,2020-03-06T21:27:44Z,140,3234,3116
chartjs/Chart.js,https://github.com/chartjs/Chart.js,1511,2020-03-07T00:18:23Z,43,4997,4638
Semantic-Org/Semantic-UI,https://github.com/Semantic-Org/Semantic-UI,346,2020-03-06T22:41:42Z,153,6077,5206
elastic/elasticsearch,https://github.com/elastic/elasticsearch,24024,2020-03-07T02:44:58Z,20,22905,20664
keras-team/keras,https://github.com/keras-team/keras,2402,2020-03-07T03:38:27Z,22,9957,7109
chrislgarry/Apollo-11,https://github.com/chrislgarry/Apollo-11,221,2020-03-06T23:28:38Z,0,359,263
storybookjs/storybook,https://github.com/storybookjs/storybook,3959,2020-03-07T03:46:10Z,462,4947,4450
jakubroztocil/httpie,https://github.com/jakubroztocil/httpie,112,2020-03-06T23:51:52Z,32,593,455
typicode/json-server,https://github.com/typicode/json-server,90,2020-03-07T02:24:54Z,7,843,392
spring-projects/spring-boot,https://github.com/spring-projects/spring-boot,41,2020-03-07T03:10:02Z,50,16273,15847
zeit/next.js,https://github.com/zeit/next.js,3905,2020-03-07T02:08:37Z,585,5839,5529
denoland/deno,https://github.com/denoland/deno,2011,2020-03-07T03:38:50Z,70,1565,1230
netdata/netdata,https://github.com/netdata/netdata,3101,2020-03-07T03:11:49Z,28,4862,4237
rails/rails,https://github.com/rails/rails,16557,2020-03-07T03:30:19Z,15,13518,13127
tonsky/FiraCode,https://github.com/tonsky/FiraCode,82,2020-03-07T02:58:13Z,20,833,605
h5bp/html5-boilerplate,https://github.com/h5bp/html5-boilerplate,318,2020-03-07T02:49:48Z,29,1155,1153
adam-p/markdown-here,https://github.com/adam-p/markdown-here,20,2020-03-07T02:12:06Z,11,535,287
xingshaocheng/architect-awesome,https://github.com/xingshaocheng/architect-awesome,41,2020-03-07T02:09:50Z,0,62,18
ElemeFE/element,https://github.com/ElemeFE/element,3040,2020-03-07T02:50:05Z,126,14623,13323
h5bp/Front-end-Developer-Interview-Questions,https://github.com/h5bp/Front-end-Developer-Interview-Questions,321,2020-03-07T03:03:02Z,0,97,92
resume/resume.github.com,https://github.com/resume/resume.github.com,84,2020-03-07T03:43:56Z,0,83,54
lodash/lodash,https://github.com/lodash/lodash,563,2020-03-07T03:43:02Z,2,3609,3573
josephmisiti/awesome-machine-learning,https://github.com/josephmisiti/awesome-machine-learning,570,2020-03-07T02:16:11Z,0,61,61
moment/moment,https://github.com/moment/moment,601,2020-03-07T03:44:41Z,0,3577,3224
rust-lang/rust,https://github.com/rust-lang/rust,27033,2020-03-07T03:41:39Z,0,33298,28039
gatsbyjs/gatsby,https://github.com/gatsbyjs/gatsby,10430,2020-03-07T03:04:53Z,74,9657,9058
opencv/opencv,https://github.com/opencv/opencv,8367,2020-03-07T00:29:00Z,42,6317,4607
bitcoin/bitcoin,https://github.com/bitcoin/bitcoin,8395,2020-03-07T03:38:57Z,30,5262,4497
kdn251/interviews,https://github.com/kdn251/interviews,42,2020-03-06T21:05:10Z,0,39,15
gohugoio/hugo,https://github.com/gohugoio/hugo,1035,2020-03-07T03:29:46Z,116,4435,4009
ansible/ansible,https://github.com/ansible/ansible,30535,2020-03-07T03:23:06Z,3,26450,22083
ReactiveX/RxJava,https://github.com/ReactiveX/RxJava,2840,2020-03-07T01:59:50Z,193,2881,2873
psf/requests,https://github.com/psf/requests,1328,2020-03-07T02:46:20Z,0,3080,2863
awesome-selfhosted/awesome-selfhosted,https://github.com/awesome-selfhosted/awesome-selfhosted,1218,2020-03-07T00:45:35Z,0,497,433
meteor/meteor,https://github.com/meteor/meteor,1169,2020-03-07T02:52:20Z,0,8264,8150
antirez/redis,https://github.com/antirez/redis,948,2020-03-07T02:52:41Z,0,4029,2309
mtdvio/every-programmer-should-know,https://github.com/mtdvio/every-programmer-should-know,77,2020-03-07T01:41:11Z,0,28,13
goldbergyoni/nodebestpractices,https://github.com/goldbergyoni/nodebestpractices,391,2020-03-07T03:46:25Z,0,172,153
ionic-team/ionic,https://github.com/ionic-team/ionic,2223,2020-03-07T02:53:00Z,197,17001,16196
protocolbuffers/protobuf,https://github.com/protocolbuffers/protobuf,2537,2020-03-07T03:43:34Z,45,3791,2959
nvm-sh/nvm,https://github.com/nvm-sh/nvm,544,2020-03-07T03:10:09Z,53,1352,1106
yangshun/tech-interview-handbook,https://github.com/yangshun/tech-interview-handbook,106,2020-03-07T00:46:36Z,0,0,0
jekyll/jekyll,https://github.com/jekyll/jekyll,2679,2020-03-07T01:02:11Z,93,4116,4033
kelseyhightower/nocode,https://github.com/kelseyhightower/nocode,1,2020-03-07T03:46:29Z,1,3435,395
google/material-design-icons,https://github.com/google/material-design-icons,23,2020-03-06T20:59:45Z,14,855,304
apache/incubator-echarts,https://github.com/apache/incubator-echarts,426,2020-03-07T01:54:48Z,68,11574,8892
scikit-learn/scikit-learn,https://github.com/scikit-learn/scikit-learn,5904,2020-03-07T00:32:30Z,17,7210,5767
ReactTraining/react-router,https://github.com/ReactTraining/react-router,1133,2020-03-06T22:05:10Z,146,5310,5286
doocs/advanced-java,https://github.com/doocs/advanced-java,44,2020-03-07T03:42:16Z,0,86,77
jgthms/bulma,https://github.com/jgthms/bulma,495,2020-03-07T03:43:56Z,10,1952,1760
thedaviddias/Front-End-Checklist,https://github.com/thedaviddias/Front-End-Checklist,141,2020-03-07T02:53:17Z,1,104,93
papers-we-love/papers-we-love,https://github.com/papers-we-love/papers-we-love,370,2020-03-06T19:32:04Z,0,125,114
awesomedata/awesome-public-datasets,https://github.com/awesomedata/awesome-public-datasets,187,2020-03-07T03:22:48Z,0,88,42
yarnpkg/yarn,https://github.com/yarnpkg/yarn,1648,2020-03-07T00:24:51Z,136,5657,3658
necolas/normalize.css,https://github.com/necolas/normalize.css,56,2020-03-07T03:17:59Z,0,453,433
gothinkster/realworld,https://github.com/gothinkster/realworld,123,2020-03-07T03:45:17Z,0,321,135
NARKOZ/hacker-scripts,https://github.com/NARKOZ/hacker-scripts,60,2020-03-07T02:12:27Z,0,54,24
wasabeef/awesome-android-ui,https://github.com/wasabeef/awesome-android-ui,52,2020-03-07T02:34:10Z,0,0,0
Dogfalo/materialize,https://github.com/Dogfalo/materialize,449,2020-03-07T03:26:19Z,41,5096,4535
FreeCodeCampChina/freecodecamp.cn,https://github.com/FreeCodeCampChina/freecodecamp.cn,55,2020-03-06T12:21:16Z,0,584,442
scutan90/DeepLearning-500-questions,https://github.com/scutan90/DeepLearning-500-questions,288,2020-03-07T02:03:12Z,0,146,74
pytorch/pytorch,https://github.com/pytorch/pytorch,3978,2020-03-07T03:18:07Z,25,12898,8950
nwjs/nw.js,https://github.com/nwjs/nw.js,554,2020-03-07T02:55:59Z,0,6593,5851
aymericdamien/TensorFlow-Examples,https://github.com/aymericdamien/TensorFlow-Examples,71,2020-03-06T23:22:37Z,0,201,57
jaywcjlove/awesome-mac,https://github.com/jaywcjlove/awesome-mac,457,2020-03-07T02:28:53Z,0,253,206
scrapy/scrapy,https://github.com/scrapy/scrapy,1414,2020-03-06T23:56:57Z,12,2122,1694
square/okhttp,https://github.com/square/okhttp,2291,2020-03-07T03:10:31Z,0,2988,2832
google/guava,https://github.com/google/guava,177,2020-03-06T21:25:09Z,28,3088,2466
gin-gonic/gin,https://github.com/gin-gonic/gin,597,2020-03-07T03:43:55Z,9,1334,1137
babel/babel,https://github.com/babel/babel,3257,2020-03-07T03:04:24Z,196,6935,6316
enaqx/awesome-react,https://github.com/enaqx/awesome-react,688,2020-03-07T02:48:28Z,0,62,59
Hack-with-Github/Awesome-Hacking,https://github.com/Hack-with-Github/Awesome-Hacking,19,2020-03-07T03:09:15Z,0,0,0
android/architecture-samples,https://github.com/android/architecture-samples,171,2020-03-07T01:59:08Z,0,377,269
impress/impress.js,https://github.com/impress/impress.js,88,2020-03-06T17:15:02Z,13,434,387
prettier/prettier,https://github.com/prettier/prettier,3058,2020-03-07T01:28:34Z,61,3985,3340
spring-projects/spring-framework,https://github.com/spring-projects/spring-framework,492,2020-03-07T03:03:44Z,170,19213,18323
neovim/neovim,https://github.com/neovim/neovim,4150,2020-03-07T03:36:03Z,20,5325,4548
nodejs/node-v0.x-archive,https://github.com/nodejs/node-v0.x-archive,218,2020-03-06T05:02:07Z,0,6383,5848
square/retrofit,https://github.com/square/retrofit,688,2020-03-07T01:26:14Z,27,2328,2240
parcel-bundler/parcel,https://github.com/parcel-bundler/parcel,1040,2020-03-07T02:57:31Z,0,2785,2260
minimaxir/big-list-of-naughty-strings,https://github.com/minimaxir/big-list-of-naughty-strings,84,2020-03-06T16:34:32Z,0,71,27
x64dbg/x64dbg,https://github.com/x64dbg/x64dbg,427,2020-03-06T22:05:34Z,2,1760,1395
serverless/serverless,https://github.com/serverless/serverless,2625,2020-03-07T02:58:13Z,150,4190,3482
sindresorhus/awesome-nodejs,https://github.com/sindresorhus/awesome-nodejs,348,2020-03-07T03:43:09Z,0,89,89
juliangarnier/anime,https://github.com/juliangarnier/anime,64,2020-03-07T03:33:31Z,12,521,395
vsouza/awesome-ios,https://github.com/vsouza/awesome-ios,2078,2020-03-07T02:53:52Z,0,429,429
astaxie/build-web-application-with-golang,https://github.com/astaxie/build-web-application-with-golang,727,2020-03-07T03:17:12Z,0,271,168
grafana/grafana,https://github.com/grafana/grafana,5976,2020-03-07T02:33:11Z,163,15153,12726
gogs/gogs,https://github.com/gogs/gogs,957,2020-03-07T03:17:43Z,56,4473,3822
ryanmcdermott/clean-code-javascript,https://github.com/ryanmcdermott/clean-code-javascript,137,2020-03-07T03:37:48Z,0,89,61
fatedier/frp,https://github.com/fatedier/frp,226,2020-03-07T03:13:20Z,51,1337,1275
ColorlibHQ/AdminLTE,https://github.com/ColorlibHQ/AdminLTE,256,2020-03-07T01:55:05Z,65,2082,1993
ziishaned/learn-regex,https://github.com/ziishaned/learn-regex,95,2020-03-07T02:48:50Z,0,66,32
k88hudson/git-flight-rules,https://github.com/k88hudson/git-flight-rules,199,2020-03-07T01:04:20Z,0,54,45
MaximAbramchuck/awesome-interview-questions,https://github.com/MaximAbramchuck/awesome-interview-questions,134,2020-03-07T00:49:10Z,0,22,19
tesseract-ocr/tesseract,https://github.com/tesseract-ocr/tesseract,988,2020-03-07T00:56:16Z,8,1779,1508
ripienaar/free-for-dev,https://github.com/ripienaar/free-for-dev,1050,2020-03-07T03:24:19Z,0,0,0
Alamofire/Alamofire,https://github.com/Alamofire/Alamofire,414,2020-03-06T21:18:04Z,74,2280,2255
TryGhost/Ghost,https://github.com/TryGhost/Ghost,4692,2020-03-07T00:45:55Z,296,5667,5619
zeit/hyper,https://github.com/zeit/hyper,1066,2020-03-07T02:32:00Z,64,2934,2193
AFNetworking/AFNetworking,https://github.com/AFNetworking/AFNetworking,670,2020-03-06T12:28:01Z,38,2999,2634
ageitgey/face_recognition,https://github.com/ageitgey/face_recognition,75,2020-03-07T03:21:09Z,2,934,488
prakhar1989/awesome-courses,https://github.com/prakhar1989/awesome-courses,181,2020-03-07T03:08:34Z,0,57,32
shadowsocks/shadowsocks,https://github.com/shadowsocks/shadowsocks,70,2020-03-07T01:59:23Z,2,0,0
bailicangdu/vue2-elm,https://github.com/bailicangdu/vue2-elm,19,2020-03-07T02:57:40Z,0,486,424
home-assistant/core,https://github.com/home-assistant/core,15852,2020-03-07T03:17:44Z,528,13039,12198
Unitech/pm2,https://github.com/Unitech/pm2,487,2020-03-06T21:59:55Z,103,3873,3077
gulpjs/gulp,https://github.com/gulpjs/gulp,379,2020-03-06T13:29:25Z,22,1790,1764
git/git,https://github.com/git/git,2,2020-03-07T03:36:11Z,0,0,0
google/material-design-lite,https://github.com/google/material-design-lite,655,2020-03-07T00:26:30Z,14,2142,1786
trimstray/the-book-of-secret-knowledge,https://github.com/trimstray/the-book-of-secret-knowledge,86,2020-03-07T02:06:48Z,0,35,32
apache/dubbo,https://github.com/apache/dubbo,1492,2020-03-07T02:43:43Z,23,3253,2792
leonardomso/33-js-concepts,https://github.com/leonardomso/33-js-concepts,88,2020-03-07T03:00:22Z,0,22,22
sveltejs/svelte,https://github.com/sveltejs/svelte,1609,2020-03-07T02:57:29Z,0,2570,2163
soimort/you-get,https://github.com/soimort/you-get,500,2020-03-07T03:36:40Z,102,0,0
adobe/brackets,https://github.com/adobe/brackets,4323,2020-03-07T03:23:28Z,68,9446,6982
JetBrains/kotlin,https://github.com/JetBrains/kotlin,1255,2020-03-06T22:02:29Z,139,0,0
macrozheng/mall,https://github.com/macrozheng/mall,0,2020-03-07T03:21:58Z,0,242,228
blueimp/jQuery-File-Upload,https://github.com/blueimp/jQuery-File-Upload,113,2020-03-06T23:23:21Z,0,3196,3151
syncthing/syncthing,https://github.com/syncthing/syncthing,1330,2020-03-07T03:43:56Z,190,3965,3706
tuvtran/project-based-learning,https://github.com/tuvtran/project-based-learning,119,2020-03-07T03:01:04Z,0,26,15
discourse/discourse,https://github.com/discourse/discourse,7178,2020-03-07T03:01:54Z,0,0,0
sdmg15/Best-websites-a-programmer-should-visit,https://github.com/sdmg15/Best-websites-a-programmer-should-visit,232,2020-03-06T23:39:32Z,0,44,44
justjavac/awesome-wechat-weapp,https://github.com/justjavac/awesome-wechat-weapp,216,2020-03-07T03:37:44Z,0,0,0
PhilJay/MPAndroidChart,https://github.com/PhilJay/MPAndroidChart,189,2020-03-07T02:53:42Z,44,4383,2765
facebook/jest,https://github.com/facebook/jest,3483,2020-03-07T03:02:05Z,87,5134,4307
karan/Projects,https://github.com/karan/Projects,19,2020-03-06T23:36:17Z,0,54,29
BVLC/caffe,https://github.com/BVLC/caffe,1087,2020-03-06T11:36:28Z,14,4684,3857
etcd-io/etcd,https://github.com/etcd-io/etcd,5755,2020-03-07T03:45:41Z,172,4763,4258
tiimgreen/github-cheat-sheet,https://github.com/tiimgreen/github-cheat-sheet,125,2020-03-06T20:27:29Z,0,43,40
mozilla/pdf.js,https://github.com/mozilla/pdf.js,4213,2020-03-07T02:51:40Z,31,6621,6028
hexojs/hexo,https://github.com/hexojs/hexo,547,2020-03-06T23:03:07Z,92,3391,3198
python/cpython,https://github.com/python/cpython,15135,2020-03-07T03:40:43Z,0,0,0
Trinea/android-open-project,https://github.com/Trinea/android-open-project,201,2020-03-07T02:52:07Z,0,78,67
XX-net/XX-Net,https://github.com/XX-net/XX-Net,355,2020-03-07T03:01:28Z,287,12291,4858
sahat/hackathon-starter,https://github.com/sahat/hackathon-starter,290,2020-03-07T02:30:44Z,13,550,541
alvarotrigo/fullPage.js,https://github.com/alvarotrigo/fullPage.js,248,2020-03-07T03:40:36Z,66,3441,3292
prometheus/prometheus,https://github.com/prometheus/prometheus,2883,2020-03-07T03:02:33Z,132,3205,2850
deepfakes/faceswap,https://github.com/deepfakes/faceswap,295,2020-03-07T03:24:37Z,2,571,562
immutable-js/immutable-js,https://github.com/immutable-js/immutable-js,379,2020-03-07T03:18:55Z,57,1161,1021
slatedocs/slate,https://github.com/slatedocs/slate,169,2020-03-07T02:46:26Z,15,541,502
shadowsocks/shadowsocks-android,https://github.com/shadowsocks/shadowsocks-android,219,2020-03-07T02:02:03Z,162,2110,2098
pixijs/pixi.js,https://github.com/pixijs/pixi.js,1750,2020-03-07T03:02:33Z,106,3955,3873
algorithm-visualizer/algorithm-visualizer,https://github.com/algorithm-visualizer/algorithm-visualizer,178,2020-03-07T02:36:55Z,0,68,56
koajs/koa,https://github.com/koajs/koa,371,2020-03-07T01:09:08Z,0,787,746
v2ray/v2ray-core,https://github.com/v2ray/v2ray-core,159,2020-03-07T03:43:58Z,234,1992,1831
mermaid-js/mermaid,https://github.com/mermaid-js/mermaid,323,2020-03-07T02:49:36Z,44,932,803
foundation/foundation-sites,https://github.com/foundation/foundation-sites,2883,2020-03-06T23:47:41Z,69,7912,7666
godotengine/godot,https://github.com/godotengine/godot,11443,2020-03-07T03:24:43Z,25,21774,16228
bumptech/glide,https://github.com/bumptech/glide,314,2020-03-07T00:36:16Z,35,3640,3495
testerSunshine/12306,https://github.com/testerSunshine/12306,31,2020-03-06T15:48:59Z,1,628,455
cdr/code-server,https://github.com/cdr/code-server,152,2020-03-07T03:22:44Z,35,1144,1093
styled-components/styled-components,https://github.com/styled-components/styled-components,746,2020-03-07T02:45:05Z,102,2027,1954
airbnb/lottie-android,https://github.com/airbnb/lottie-android,363,2020-03-07T03:10:44Z,24,1097,1070
fastlane/fastlane,https://github.com/fastlane/fastlane,4843,2020-03-06T22:18:06Z,424,10288,10135
azl397985856/leetcode,https://github.com/azl397985856/leetcode,136,2020-03-07T02:54:09Z,17,137,110
zenorocha/clipboard.js,https://github.com/zenorocha/clipboard.js,66,2020-03-06T22:57:07Z,37,517,509
Avik-Jain/100-Days-Of-ML-Code,https://github.com/Avik-Jain/100-Days-Of-ML-Code,6,2020-03-07T02:25:38Z,0,0,0
apache/incubator-superset,https://github.com/apache/incubator-superset,3937,2020-03-07T00:11:07Z,11,4238,4060
exacity/deeplearningbook-chinese,https://github.com/exacity/deeplearningbook-chinese,16,2020-03-07T01:36:09Z,7,174,130
Homebrew/legacy-homebrew,https://github.com/Homebrew/legacy-homebrew,222,2020-03-06T13:29:35Z,0,17038,17038
containous/traefik,https://github.com/containous/traefik,2531,2020-03-07T03:44:00Z,280,3483,3019
521xueweihan/HelloGitHub,https://github.com/521xueweihan/HelloGitHub,12,2020-03-07T03:33:10Z,9,1086,1076
jashkenas/backbone,https://github.com/jashkenas/backbone,850,2020-03-06T21:29:42Z,0,2382,2328
huginn/huginn,https://github.com/huginn/huginn,860,2020-03-07T03:36:44Z,0,1617,1267
kamranahmedse/design-patterns-for-humans,https://github.com/kamranahmedse/design-patterns-for-humans,47,2020-03-07T02:24:02Z,0,47,41
videojs/video.js,https://github.com/videojs/video.js,1249,2020-03-07T03:32:04Z,206,3905,3711
junegunn/fzf,https://github.com/junegunn/fzf,217,2020-03-07T02:57:42Z,0,1498,1341
lukehoban/es6features,https://github.com/lukehoban/es6features,41,2020-03-06T15:58:47Z,0,55,36
ariya/phantomjs,https://github.com/ariya/phantomjs,560,2020-03-07T03:35:35Z,0,4695,4663
chinese-poetry/chinese-poetry,https://github.com/chinese-poetry/chinese-poetry,67,2020-03-07T03:23:25Z,1,112,67
Leaflet/Leaflet,https://github.com/Leaflet/Leaflet,2046,2020-03-07T00:47:53Z,21,4209,3803
shadowsocks/ShadowsocksX-NG,https://github.com/shadowsocks/ShadowsocksX-NG,58,2020-03-07T03:32:56Z,26,1161,969
joshbuchea/HEAD,https://github.com/joshbuchea/HEAD,83,2020-03-07T01:40:52Z,0,82,71
dypsilon/frontend-dev-bookmarks,https://github.com/dypsilon/frontend-dev-bookmarks,129,2020-03-06T21:22:07Z,1,91,77
DefinitelyTyped/DefinitelyTyped,https://github.com/DefinitelyTyped/DefinitelyTyped,30546,2020-03-07T01:51:21Z,1,6337,3187
photonstorm/phaser,https://github.com/photonstorm/phaser,1200,2020-03-07T03:04:52Z,93,3188,3013
php/php-src,https://github.com/php/php-src,615,2020-03-07T01:57:00Z,0,0,0
jondot/awesome-react-native,https://github.com/jondot/awesome-react-native,800,2020-03-07T00:00:27Z,0,50,33
caddyserver/caddy,https://github.com/caddyserver/caddy,882,2020-03-07T03:44:01Z,62,1969,1865
isocpp/CppCoreGuidelines,https://github.com/isocpp/CppCoreGuidelines,625,2020-03-07T00:32:30Z,4,778,625
Blankj/AndroidUtilCode,https://github.com/Blankj/AndroidUtilCode,64,2020-03-07T01:52:56Z,112,1020,974
Genymobile/scrcpy,https://github.com/Genymobile/scrcpy,22,2020-03-07T03:26:11Z,15,1100,643
caolan/async,https://github.com/caolan/async,408,2020-03-07T03:44:16Z,7,1045,1044
codepath/android_guides,https://github.com/codepath/android_guides,8,2020-03-07T01:18:20Z,0,358,211
certbot/certbot,https://github.com/certbot/certbot,2820,2020-03-06T17:46:39Z,5,4282,3754
tastejs/todomvc,https://github.com/tastejs/todomvc,714,2020-03-07T03:45:42Z,5,733,618
tldr-pages/tldr,https://github.com/tldr-pages/tldr,2908,2020-03-07T01:49:18Z,0,499,428
iamkun/dayjs,https://github.com/iamkun/dayjs,363,2020-03-07T02:57:39Z,72,353,294
Solido/awesome-flutter,https://github.com/Solido/awesome-flutter,303,2020-03-07T01:26:07Z,0,0,0
bilibili/ijkplayer,https://github.com/bilibili/ijkplayer,28,2020-03-07T03:31:54Z,0,4794,2406
open-guides/og-aws,https://github.com/open-guides/og-aws,467,2020-03-07T01:09:11Z,0,199,79
nuxt/nuxt.js,https://github.com/nuxt/nuxt.js,1638,2020-03-06T17:24:27Z,121,4945,4684
bayandin/awesome-awesomeness,https://github.com/bayandin/awesome-awesomeness,163,2020-03-07T02:04:58Z,0,54,48
quilljs/quill,https://github.com/quilljs/quill,192,2020-03-07T00:33:07Z,82,2521,1796
floodsung/Deep-Learning-Papers-Reading-Roadmap,https://github.com/floodsung/Deep-Learning-Papers-Reading-Roadmap,22,2020-03-06T16:25:30Z,0,41,3
JuliaLang/julia,https://github.com/JuliaLang/julia,13971,2020-03-06T22:47:06Z,84,17356,14522
alex/what-happens-when,https://github.com/alex/what-happens-when,105,2020-03-06T22:30:43Z,0,100,18
RocketChat/Rocket.Chat,https://github.com/RocketChat/Rocket.Chat,5150,2020-03-07T03:15:29Z,330,10245,8213
preactjs/preact,https://github.com/preactjs/preact,799,2020-03-06T20:52:51Z,126,1129,1040
proxyee-down-org/proxyee-down,https://github.com/proxyee-down-org/proxyee-down,16,2020-03-06T23:36:06Z,49,0,0
ethereum/go-ethereum,https://github.com/ethereum/go-ethereum,3665,2020-03-07T01:41:23Z,124,4716,4433
xitu/gold-miner,https://github.com/xitu/gold-miner,2265,2020-03-07T02:12:19Z,0,4239,4216
apache/spark,https://github.com/apache/spark,3,2020-03-07T03:17:16Z,0,0,0
kenwheeler/slick,https://github.com/kenwheeler/slick,235,2020-03-07T03:33:59Z,48,3283,2312
jashkenas/underscore,https://github.com/jashkenas/underscore,687,2020-03-07T00:39:16Z,0,1347,1276
binhnguyennus/awesome-scalability,https://github.com/binhnguyennus/awesome-scalability,18,2020-03-06T19:47:51Z,0,0,0
JakeWharton/butterknife,https://github.com/JakeWharton/butterknife,339,2020-03-06T10:20:09Z,0,1106,1015
grpc/grpc,https://github.com/grpc/grpc,11091,2020-03-07T00:23:19Z,139,8262,7452
Kong/kong,https://github.com/Kong/kong,1901,2020-03-06T17:30:43Z,76,2830,2537
nestjs/nest,https://github.com/nestjs/nest,1507,2020-03-07T03:43:27Z,49,2345,2273
shengxinjing/programmer-job-blacklist,https://github.com/shengxinjing/programmer-job-blacklist,16,2020-03-06T15:15:26Z,0,288,169
zxing/zxing,https://github.com/zxing/zxing,149,2020-03-06T21:16:08Z,26,985,977
react-boilerplate/react-boilerplate,https://github.com/react-boilerplate/react-boilerplate,711,2020-03-07T03:29:59Z,16,1757,1734
aosabook/500lines,https://github.com/aosabook/500lines,175,2020-03-07T03:14:41Z,0,61,36
vuejs/vue-cli,https://github.com/vuejs/vue-cli,864,2020-03-07T02:28:09Z,119,4058,3621
nylas/nylas-mail,https://github.com/nylas/nylas-mail,139,2020-03-06T18:53:36Z,53,3421,2411
square/leakcanary,https://github.com/square/leakcanary,560,2020-03-07T02:53:35Z,22,1107,1076
0voice/interview_internal_reference,https://github.com/0voice/interview_internal_reference,32,2020-03-07T02:57:32Z,0,30,17
request/request,https://github.com/request/request,650,2020-03-06T15:20:48Z,0,2128,1973
select2/select2,https://github.com/select2/select2,641,2020-03-07T03:05:25Z,26,4418,4360
Modernizr/Modernizr,https://github.com/Modernizr/Modernizr,712,2020-03-07T03:40:42Z,14,1398,1245
fffaraz/awesome-cpp,https://github.com/fffaraz/awesome-cpp,385,2020-03-07T03:38:34Z,0,438,145
johnpapa/angular-styleguide,https://github.com/johnpapa/angular-styleguide,331,2020-03-06T13:52:05Z,0,423,361
NervJS/taro,https://github.com/NervJS/taro,629,2020-03-07T03:38:59Z,0,4704,4000
Tencent/weui,https://github.com/Tencent/weui,164,2020-03-07T03:12:41Z,18,598,578
getsentry/sentry,https://github.com/getsentry/sentry,12151,2020-03-07T02:32:02Z,53,3925,3061
vuetifyjs/vuetify,https://github.com/vuetifyjs/vuetify,2095,2020-03-07T02:06:09Z,317,7907,6974
dylanaraps/pure-bash-bible,https://github.com/dylanaraps/pure-bash-bible,26,2020-03-07T02:22:24Z,0,44,22
ant-design/ant-design-pro,https://github.com/ant-design/ant-design-pro,713,2020-03-07T01:49:15Z,17,4971,4909
akullpp/awesome-java,https://github.com/akullpp/awesome-java,527,2020-03-07T03:40:29Z,0,95,93
faif/python-patterns,https://github.com/faif/python-patterns,211,2020-03-07T01:58:37Z,0,60,52
pandas-dev/pandas,https://github.com/pandas-dev/pandas,10917,2020-03-07T01:49:50Z,56,17343,14058
crossoverJie/JCSprout,https://github.com/crossoverJie/JCSprout,69,2020-03-07T03:20:18Z,0,84,57
madewithml/practicalAI,https://github.com/madewithml/practicalAI,132,2020-03-06T20:02:35Z,0,16,16
houshanren/hangzhou_house_knowledge,https://github.com/houshanren/hangzhou_house_knowledge,4,2020-03-07T02:44:05Z,0,0,0
nvie/gitflow,https://github.com/nvie/gitflow,36,2020-03-07T03:00:12Z,0,334,114
google/styleguide,https://github.com/google/styleguide,106,2020-03-07T03:31:02Z,0,221,75
wg/wrk,https://github.com/wg/wrk,0,2020-03-06T23:20:39Z,0,304,219
apachecn/AiLearning,https://github.com/apachecn/AiLearning,442,2020-03-07T03:46:24Z,2,82,52
ZuzooVn/machine-learning-for-software-engineers,https://github.com/ZuzooVn/machine-learning-for-software-engineers,53,2020-03-06T12:34:24Z,0,13,3
yangshun/front-end-interview-handbook,https://github.com/yangshun/front-end-interview-handbook,145,2020-03-07T03:07:42Z,0,0,0
localstack/localstack,https://github.com/localstack/localstack,683,2020-03-07T01:59:32Z,11,1373,1105
astaxie/beego,https://github.com/astaxie/beego,753,2020-03-07T03:29:59Z,5,2667,1902
fzaninotto/Faker,https://github.com/fzaninotto/Faker,764,2020-03-07T01:56:57Z,11,534,480
rethinkdb/rethinkdb,https://github.com/rethinkdb/rethinkdb,371,2020-03-06T15:51:36Z,68,6231,4838
danielmiessler/SecLists,https://github.com/danielmiessler/SecLists,229,2020-03-07T03:28:07Z,8,96,90
standard/standard,https://github.com/standard/standard,282,2020-03-06T14:10:49Z,1,1057,957
github/fetch,https://github.com/github/fetch,116,2020-03-07T03:07:56Z,27,496,486
huggingface/transformers,https://github.com/huggingface/transformers,659,2020-03-07T03:17:34Z,23,2251,1873
ziadoz/awesome-php,https://github.com/ziadoz/awesome-php,349,2020-03-06T22:44:52Z,0,105,103
FiloSottile/mkcert,https://github.com/FiloSottile/mkcert,42,2020-03-07T01:25:59Z,11,155,127
carbon-app/carbon,https://github.com/carbon-app/carbon,440,2020-03-07T00:56:36Z,154,411,392
angular/angular-cli,https://github.com/angular/angular-cli,4061,2020-03-06T17:15:29Z,256,11446,10839
iview/iview,https://github.com/iview/iview,525,2020-03-07T03:08:03Z,85,5394,4425
nolimits4web/swiper,https://github.com/nolimits4web/swiper,230,2020-03-07T03:27:11Z,0,3098,2956
vuejs/vuex,https://github.com/vuejs/vuex,515,2020-03-06T22:58:03Z,32,972,884
mathiasbynens/dotfiles,https://github.com/mathiasbynens/dotfiles,41,2020-03-06T22:30:16Z,0,351,227
facebookresearch/Detectron,https://github.com/facebookresearch/Detectron,0,2020-03-06T16:01:57Z,0,871,595
symfony/symfony,https://github.com/symfony/symfony,13902,2020-03-06T20:26:03Z,223,13669,12943
CodeHubApp/CodeHub,https://github.com/CodeHubApp/CodeHub,12,2020-03-07T02:56:41Z,4,600,383
netty/netty,https://github.com/netty/netty,1320,2020-03-07T03:45:20Z,0,4976,4617
pingcap/tidb,https://github.com/pingcap/tidb,9920,2020-03-07T03:39:28Z,86,3924,2657
Marak/faker.js,https://github.com/Marak/faker.js,189,2020-03-06T22:17:04Z,0,419,237
herrbischoff/awesome-macos-command-line,https://github.com/herrbischoff/awesome-macos-command-line,91,2020-03-06T21:43:59Z,0,0,0
freeCodeCamp/devdocs,https://github.com/freeCodeCamp/devdocs,128,2020-03-07T01:15:31Z,0,797,715
jiahaog/nativefier,https://github.com/jiahaog/nativefier,134,2020-03-06T23:13:34Z,30,733,563
dkhamsing/open-source-ios-apps,https://github.com/dkhamsing/open-source-ios-apps,529,2020-03-07T02:08:00Z,32,199,198
composer/composer,https://github.com/composer/composer,1914,2020-03-07T01:56:55Z,68,5806,5453
strapi/strapi,https://github.com/strapi/strapi,1921,2020-03-07T03:09:44Z,126,3162,2948
IanLunn/Hover,https://github.com/IanLunn/Hover,22,2020-03-07T01:05:53Z,10,96,79
SDWebImage/SDWebImage,https://github.com/SDWebImage/SDWebImage,694,2020-03-06T18:21:49Z,77,1864,1848
raywenderlich/swift-algorithm-club,https://github.com/raywenderlich/swift-algorithm-club,585,2020-03-06T21:40:01Z,0,179,173
iina/iina,https://github.com/iina/iina,357,2020-03-07T03:46:38Z,30,2215,1434
danielgindi/Charts,https://github.com/danielgindi/Charts,363,2020-03-06T15:11:24Z,30,3567,3095
jakevdp/PythonDataScienceHandbook,https://github.com/jakevdp/PythonDataScienceHandbook,28,2020-03-07T02:51:52Z,0,103,44
postcss/postcss,https://github.com/postcss/postcss,565,2020-03-07T03:30:04Z,147,631,615
greenrobot/EventBus,https://github.com/greenrobot/EventBus,29,2020-03-07T03:40:21Z,5,514,424
harvesthq/chosen,https://github.com/harvesthq/chosen,309,2020-03-06T22:35:56Z,34,2323,2105
gitlabhq/gitlabhq,https://github.com/gitlabhq/gitlabhq,2227,2020-03-07T03:09:14Z,0,0,0
transloadit/uppy,https://github.com/transloadit/uppy,971,2020-03-06T22:26:58Z,23,1036,950
fxsjy/jieba,https://github.com/fxsjy/jieba,96,2020-03-07T02:14:51Z,9,671,184
GitbookIO/gitbook,https://github.com/GitbookIO/gitbook,214,2020-03-06T19:03:53Z,0,0,0
lib-pku/libpku,https://github.com/lib-pku/libpku,22,2020-03-07T01:45:10Z,0,31,30
TheAlgorithms/Java,https://github.com/TheAlgorithms/Java,376,2020-03-07T02:43:00Z,0,142,109
istio/istio,https://github.com/istio/istio,9353,2020-03-07T03:04:17Z,116,8800,7734
Alvin9999/new-pac,https://github.com/Alvin9999/new-pac,0,2020-03-07T03:45:40Z,0,817,664
google-research/bert,https://github.com/google-research/bert,31,2020-03-06T21:37:12Z,0,878,294
ngosang/trackerslist,https://github.com/ngosang/trackerslist,1,2020-03-07T03:27:08Z,0,198,193
brillout/awesome-react-components,https://github.com/brillout/awesome-react-components,122,2020-03-07T01:49:43Z,0,35,35
serhii-londar/open-source-mac-os-apps,https://github.com/serhii-londar/open-source-mac-os-apps,348,2020-03-07T01:04:05Z,0,124,107
markedjs/marked,https://github.com/markedjs/marked,322,2020-03-07T02:12:11Z,18,956,882
lerna/lerna,https://github.com/lerna/lerna,562,2020-03-06T23:40:45Z,165,1698,1377
date-fns/date-fns,https://github.com/date-fns/date-fns,574,2020-03-06T22:48:46Z,74,849,693
mobxjs/mobx,https://github.com/mobxjs/mobx,703,2020-03-07T03:24:55Z,1,1479,1447
cheeriojs/cheerio,https://github.com/cheeriojs/cheerio,278,2020-03-07T02:23:39Z,2,928,717
webtorrent/webtorrent,https://github.com/webtorrent/webtorrent,377,2020-03-07T03:16:27Z,0,1289,1153
emberjs/ember.js,https://github.com/emberjs/ember.js,7084,2020-03-07T03:11:16Z,301,6193,5927
skylot/jadx,https://github.com/skylot/jadx,200,2020-03-07T03:34:09Z,13,633,508
Polymer/polymer,https://github.com/Polymer/polymer,1045,2020-03-06T00:05:04Z,113,3880,3625
ReactiveX/rxjs,https://github.com/ReactiveX/rxjs,1704,2020-03-07T00:08:23Z,0,2510,2187
sequelize/sequelize,https://github.com/sequelize/sequelize,2486,2020-03-07T01:28:30Z,321,8411,7633
balderdashy/sails,https://github.com/balderdashy/sails,501,2020-03-06T21:29:33Z,35,6101,5762
pi-hole/pi-hole,https://github.com/pi-hole/pi-hole,1023,2020-03-07T03:45:35Z,57,1704,1597
ajaxorg/ace,https://github.com/ajaxorg/ace,1297,2020-03-06T21:59:15Z,0,2444,1798
hashicorp/terraform,https://github.com/hashicorp/terraform,7953,2020-03-06T23:37:08Z,114,14240,13024
VincentGarreau/particles.js,https://github.com/VincentGarreau/particles.js,21,2020-03-07T03:25:11Z,6,324,69
sentsin/layui,https://github.com/sentsin/layui,31,2020-03-07T03:11:28Z,39,468,72
hammerjs/hammer.js,https://github.com/hammerjs/hammer.js,114,2020-03-06T21:54:09Z,0,1000,752
ityouknow/spring-boot-examples,https://github.com/ityouknow/spring-boot-examples,4,2020-03-07T03:31:35Z,0,95,74
geekcompany/ResumeSample,https://github.com/geekcompany/ResumeSample,2,2020-03-07T00:58:30Z,0,21,12
naptha/tesseract.js,https://github.com/naptha/tesseract.js,68,2020-03-07T01:21:02Z,27,339,315
alacritty/alacritty,https://github.com/alacritty/alacritty,885,2020-03-07T03:23:45Z,28,2286,1928
jaredpalmer/formik,https://github.com/jaredpalmer/formik,572,2020-03-07T03:28:39Z,131,1512,1068
VundleVim/Vundle.vim,https://github.com/VundleVim/Vundle.vim,86,2020-03-06T15:32:04Z,0,678,529
iikira/BaiduPCS-Go,https://github.com/iikira/BaiduPCS-Go,12,2020-03-07T03:46:47Z,24,848,732
0xAX/linux-insides,https://github.com/0xAX/linux-insides,486,2020-03-06T20:15:38Z,0,153,119
amix/vimrc,https://github.com/amix/vimrc,65,2020-03-07T01:56:38Z,0,398,386
Homebrew/brew,https://github.com/Homebrew/brew,4001,2020-03-07T03:29:57Z,131,2409,2394
terryum/awesome-deep-learning-papers,https://github.com/terryum/awesome-deep-learning-papers,39,2020-03-07T01:35:45Z,0,23,11
ycm-core/YouCompleteMe,https://github.com/ycm-core/YouCompleteMe,617,2020-03-07T03:47:28Z,0,2807,2784
alibaba/fastjson,https://github.com/alibaba/fastjson,298,2020-03-06T17:06:47Z,72,2537,1295
StreisandEffect/streisand,https://github.com/StreisandEffect/streisand,524,2020-03-07T02:35:05Z,0,1083,920
facebookresearch/fastText,https://github.com/facebookresearch/fastText,7,2020-03-07T01:57:09Z,3,819,558
tabler/tabler,https://github.com/tabler/tabler,140,2020-03-07T03:35:46Z,5,271,211
heartcombo/devise,https://github.com/heartcombo/devise,717,2020-03-06T18:28:59Z,14,3915,3877
drone/drone,https://github.com/drone/drone,828,2020-03-07T03:44:05Z,0,1691,1661
pure-css/pure,https://github.com/pure-css/pure,132,2020-03-06T18:46:04Z,17,524,503
minio/minio,https://github.com/minio/minio,4616,2020-03-07T03:44:07Z,140,3838,3753
CamDavidsonPilon/Probabilistic-Programming-and-Bayesian-Methods-for-Hackers,https://github.com/CamDavidsonPilon/Probabilistic-Programming-and-Bayesian-Methods-for-Hackers,231,2020-03-07T03:24:37Z,0,202,80
t4t5/sweetalert,https://github.com/t4t5/sweetalert,82,2020-03-07T03:11:57Z,13,654,535
unknwon/the-way-to-go_ZH_CN,https://github.com/unknwon/the-way-to-go_ZH_CN,520,2020-03-07T03:18:18Z,0,0,0
rstacruz/nprogress,https://github.com/rstacruz/nprogress,31,2020-03-07T00:36:17Z,0,131,45
alibaba/p3c,https://github.com/alibaba/p3c,53,2020-03-07T02:58:56Z,0,556,508
tootsuite/mastodon,https://github.com/tootsuite/mastodon,6758,2020-03-06T20:58:32Z,138,5314,3827
facebook/flow,https://github.com/facebook/flow,158,2020-03-06T22:29:45Z,168,6251,3849
tailwindcss/tailwindcss,https://github.com/tailwindcss/tailwindcss,555,2020-03-07T03:19:44Z,62,680,620
realpython/python-guide,https://github.com/realpython/python-guide,649,2020-03-06T21:05:01Z,0,245,151
laravel/framework,https://github.com/laravel/framework,9308,2020-03-07T01:56:57Z,188,13291,13214
alibaba/druid,https://github.com/alibaba/druid,864,2020-03-07T02:49:30Z,33,2691,1046
cmderdev/cmder,https://github.com/cmderdev/cmder,297,2020-03-07T01:05:48Z,25,1824,1811
fouber/blog,https://github.com/fouber/blog,1,2020-03-06T15:48:23Z,0,39,28
Automattic/mongoose,https://github.com/Automattic/mongoose,1039,2020-03-07T02:07:54Z,5,7156,6874
elsewhencode/project-guidelines,https://github.com/elsewhencode/project-guidelines,100,2020-03-07T03:12:30Z,0,36,24
kelseyhightower/kubernetes-the-hard-way,https://github.com/kelseyhightower/kubernetes-the-hard-way,67,2020-03-07T00:57:15Z,0,288,265
remy/nodemon,https://github.com/remy/nodemon,257,2020-03-06T22:02:00Z,68,1265,1256
FezVrasta/bootstrap-material-design,https://github.com/FezVrasta/bootstrap-material-design,192,2020-03-06T10:29:18Z,27,1079,1027
google/leveldb,https://github.com/google/leveldb,27,2020-03-06T16:24:19Z,20,562,462
SheetJS/sheetjs,https://github.com/SheetJS/sheetjs,48,2020-03-07T03:13:56Z,0,1559,1240
scwang90/SmartRefreshLayout,https://github.com/scwang90/SmartRefreshLayout,6,2020-03-07T02:08:38Z,7,1092,1009
airbnb/lottie-web,https://github.com/airbnb/lottie-web,71,2020-03-07T00:15:42Z,0,1918,1441
redux-saga/redux-saga,https://github.com/redux-saga/redux-saga,614,2020-03-07T03:17:20Z,50,1294,1151
kriasoft/react-starter-kit,https://github.com/kriasoft/react-starter-kit,468,2020-03-07T03:14:16Z,5,1141,706
alibaba/flutter-go,https://github.com/alibaba/flutter-go,158,2020-03-07T02:58:27Z,4,295,172
ryanoasis/nerd-fonts,https://github.com/ryanoasis/nerd-fonts,103,2020-03-06T23:34:00Z,20,324,209
littlecodersh/ItChat,https://github.com/littlecodersh/ItChat,29,2020-03-07T01:39:13Z,13,798,587
akveo/ngx-admin,https://github.com/akveo/ngx-admin,255,2020-03-06T20:02:45Z,14,1500,1243
openai/gym,https://github.com/openai/gym,489,2020-03-06T22:28:28Z,5,1062,989
facebookarchive/pop,https://github.com/facebookarchive/pop,100,2020-03-06T13:00:43Z,3,256,211
Tencent/wepy,https://github.com/Tencent/wepy,387,2020-03-07T03:21:23Z,0,1990,1687
NationalSecurityAgency/ghidra,https://github.com/NationalSecurityAgency/ghidra,129,2020-03-07T02:33:09Z,0,1296,775
eugenp/tutorials,https://github.com/eugenp/tutorials,6006,2020-03-07T02:59:34Z,0,353,343
rapid7/metasploit-framework,https://github.com/rapid7/metasploit-framework,7604,2020-03-07T03:14:20Z,0,3627,2990
niklasvh/html2canvas,https://github.com/niklasvh/html2canvas,103,2020-03-06T21:33:48Z,26,1834,1301
ReactiveCocoa/ReactiveCocoa,https://github.com/ReactiveCocoa/ReactiveCocoa,1335,2020-03-05T13:55:40Z,76,1989,1945
pypa/pipenv,https://github.com/pypa/pipenv,910,2020-03-07T02:38:17Z,6,2949,2587
Reactive-Extensions/RxJS,https://github.com/Reactive-Extensions/RxJS,520,2020-03-06T01:54:43Z,34,874,643
sorrycc/awesome-javascript,https://github.com/sorrycc/awesome-javascript,272,2020-03-07T02:18:49Z,0,71,54
dimsemenov/PhotoSwipe,https://github.com/dimsemenov/PhotoSwipe,49,2020-03-07T02:50:21Z,11,1504,1013
ctripcorp/apollo,https://github.com/ctripcorp/apollo,869,2020-03-07T01:05:35Z,22,1903,1767
mbeaudru/modern-js-cheatsheet,https://github.com/mbeaudru/modern-js-cheatsheet,79,2020-03-07T03:14:39Z,0,42,36
metabase/metabase,https://github.com/metabase/metabase,4485,2020-03-07T01:09:04Z,106,6846,4790
codemirror/CodeMirror,https://github.com/codemirror/CodeMirror,355,2020-03-07T02:50:13Z,127,3597,3269
ggreer/the_silver_searcher,https://github.com/ggreer/the_silver_searcher,382,2020-03-06T21:40:58Z,0,726,384
railsware/upterm,https://github.com/railsware/upterm,293,2020-03-06T18:10:48Z,187,753,534
bevacqua/dragula,https://github.com/bevacqua/dragula,57,2020-03-07T03:14:51Z,0,466,288
gorhill/uBlock,https://github.com/gorhill/uBlock,121,2020-03-07T03:16:20Z,156,3449,3375
alibaba/arthas,https://github.com/alibaba/arthas,153,2020-03-07T03:45:58Z,11,787,685
google/iosched,https://github.com/google/iosched,53,2020-03-06T19:07:07Z,2,199,170
kahun/awesome-sysadmin,https://github.com/kahun/awesome-sysadmin,183,2020-03-06T13:10:02Z,0,92,20
syl20bnr/spacemacs,https://github.com/syl20bnr/spacemacs,542,2020-03-06T18:32:37Z,158,7213,4912
hashicorp/vagrant,https://github.com/hashicorp/vagrant,2130,2020-03-06T23:54:28Z,0,8300,7825
SortableJS/Sortable,https://github.com/SortableJS/Sortable,212,2020-03-07T00:43:54Z,21,1342,1136
microsoft/calculator,https://github.com/microsoft/calculator,417,2020-03-07T03:29:58Z,0,503,338
Meituan-Dianping/mpvue,https://github.com/Meituan-Dianping/mpvue,64,2020-03-06T15:45:16Z,19,1642,1247
angular/components,https://github.com/angular/components,6702,2020-03-06T21:19:13Z,129,10580,8530
vim/vim,https://github.com/vim/vim,3,2020-03-07T03:36:21Z,0,3473,2595
JedWatson/react-select,https://github.com/JedWatson/react-select,798,2020-03-07T02:34:40Z,11,2605,1324
satwikkansal/wtfpython,https://github.com/satwikkansal/wtfpython,67,2020-03-07T02:39:22Z,2,98,80
CymChad/BaseRecyclerViewAdapterHelper,https://github.com/CymChad/BaseRecyclerViewAdapterHelper,190,2020-03-06T15:10:29Z,188,2810,2735
SwiftyJSON/SwiftyJSON,https://github.com/SwiftyJSON/SwiftyJSON,212,2020-03-07T02:49:26Z,21,638,557
LisaDziuba/Awesome-Design-Tools,https://github.com/LisaDziuba/Awesome-Design-Tools,256,2020-03-07T02:00:01Z,0,22,21
ovity/octotree,https://github.com/ovity/octotree,223,2020-03-07T03:24:23Z,0,541,497
donnemartin/interactive-coding-challenges,https://github.com/donnemartin/interactive-coding-challenges,161,2020-03-06T20:24:50Z,0,52,29
ocornut/imgui,https://github.com/ocornut/imgui,235,2020-03-07T02:29:00Z,64,2417,2029
SwiftGGTeam/the-swift-programming-language-in-chinese,https://github.com/SwiftGGTeam/the-swift-programming-language-in-chinese,630,2020-03-06T17:12:41Z,1,319,317
GoogleChrome/lighthouse,https://github.com/GoogleChrome/lighthouse,2942,2020-03-06T23:28:08Z,53,6604,6226
sindresorhus/awesome-electron,https://github.com/sindresorhus/awesome-electron,229,2020-03-06T23:31:29Z,0,44,35
Netflix/Hystrix,https://github.com/Netflix/Hystrix,672,2020-03-06T22:19:28Z,79,993,671
byoungd/English-level-up-tips-for-Chinese,https://github.com/byoungd/English-level-up-tips-for-Chinese,19,2020-03-07T03:24:01Z,0,52,42
wagoodman/dive,https://github.com/wagoodman/dive,100,2020-03-06T22:31:58Z,23,176,130
github/hub,https://github.com/github/hub,380,2020-03-07T03:41:34Z,60,1659,1475
microsoft/monaco-editor,https://github.com/microsoft/monaco-editor,76,2020-03-07T02:20:26Z,0,1689,1393
BradLarson/GPUImage,https://github.com/BradLarson/GPUImage,241,2020-03-06T16:31:21Z,3,2197,1296
rclone/rclone,https://github.com/rclone/rclone,613,2020-03-07T03:44:07Z,64,3098,2447
airbnb/lottie-ios,https://github.com/airbnb/lottie-ios,290,2020-03-06T20:07:25Z,38,775,667
mochajs/mocha,https://github.com/mochajs/mocha,919,2020-03-07T03:16:35Z,45,2469,2214
pugjs/pug,https://github.com/pugjs/pug,473,2020-03-06T17:21:30Z,4,2402,2195
reduxjs/react-redux,https://github.com/reduxjs/react-redux,329,2020-03-06T22:04:10Z,90,1015,995
tipsy/profile-summary-for-github,https://github.com/tipsy/profile-summary-for-github,20,2020-03-06T10:00:27Z,0,65,54
petkaantonov/bluebird,https://github.com/petkaantonov/bluebird,284,2020-03-06T18:29:04Z,123,1112,1057
usablica/intro.js,https://github.com/usablica/intro.js,139,2020-03-07T02:30:38Z,18,578,369
markerikson/react-redux-links,https://github.com/markerikson/react-redux-links,58,2020-03-07T02:33:16Z,0,32,21
ageron/handson-ml,https://github.com/ageron/handson-ml,46,2020-03-06T17:05:32Z,0,471,383
nefe/You-Dont-Need-jQuery,https://github.com/nefe/You-Dont-Need-jQuery,158,2020-03-07T02:03:36Z,1,62,57
koalaman/shellcheck,https://github.com/koalaman/shellcheck,188,2020-03-07T02:39:37Z,1,1610,1093
guzzle/guzzle,https://github.com/guzzle/guzzle,706,2020-03-07T02:15:28Z,32,1559,1345
docker/compose,https://github.com/docker/compose,1812,2020-03-07T01:11:22Z,122,4757,4486
aria2/aria2,https://github.com/aria2/aria2,193,2020-03-06T23:19:35Z,22,1303,636
FallibleInc/security-guide-for-developers,https://github.com/FallibleInc/security-guide-for-developers,26,2020-03-06T23:30:53Z,0,11,4
tornadoweb/tornado,https://github.com/tornadoweb/tornado,734,2020-03-06T14:30:18Z,0,1536,1371
ReactiveX/RxAndroid,https://github.com/ReactiveX/RxAndroid,164,2020-03-06T19:14:15Z,18,331,331
julycoding/The-Art-Of-Programming-By-July,https://github.com/julycoding/The-Art-Of-Programming-By-July,254,2020-03-06T14:32:44Z,0,127,82
cypress-io/cypress,https://github.com/cypress-io/cypress,1288,2020-03-06T21:35:22Z,199,4921,3775
alebcay/awesome-shell,https://github.com/alebcay/awesome-shell,274,2020-03-07T02:14:40Z,0,35,16
dokku/dokku,https://github.com/dokku/dokku,1665,2020-03-06T23:51:25Z,156,1968,1937
ColorlibHQ/gentelella,https://github.com/ColorlibHQ/gentelella,158,2020-03-06T16:17:15Z,7,610,604
matteocrippa/awesome-swift,https://github.com/matteocrippa/awesome-swift,1241,2020-03-07T01:29:17Z,0,110,110
go-gitea/gitea,https://github.com/go-gitea/gitea,4801,2020-03-07T03:02:08Z,84,5014,3800
dcloudio/uni-app,https://github.com/dcloudio/uni-app,86,2020-03-07T03:42:17Z,0,1268,935
emscripten-core/emscripten,https://github.com/emscripten-core/emscripten,4403,2020-03-07T02:18:54Z,0,5097,4481
futurice/android-best-practices,https://github.com/futurice/android-best-practices,80,2020-03-06T23:37:40Z,0,83,61
agalwood/Motrix,https://github.com/agalwood/Motrix,68,2020-03-07T03:32:12Z,6,480,277
SamyPesse/How-to-Make-a-Computer-Operating-System,https://github.com/SamyPesse/How-to-Make-a-Computer-Operating-System,42,2020-03-07T02:57:13Z,1,62,24
MrRio/jsPDF,https://github.com/MrRio/jsPDF,568,2020-03-07T03:38:43Z,23,1650,1470
hashicorp/consul,https://github.com/hashicorp/consul,3179,2020-03-07T03:33:08Z,0,3606,3068
formulahendry/955.WLB,https://github.com/formulahendry/955.WLB,15,2020-03-06T19:21:40Z,0,180,59
paularmstrong/normalizr,https://github.com/paularmstrong/normalizr,89,2020-03-07T02:19:30Z,24,275,261
google/web-starter-kit,https://github.com/google/web-starter-kit,234,2020-03-05T18:50:30Z,14,580,533
powerline/fonts,https://github.com/powerline/fonts,72,2020-03-07T01:55:20Z,1,218,80
BurntSushi/ripgrep,https://github.com/BurntSushi/ripgrep,360,2020-03-07T01:11:10Z,61,1021,964
enzymejs/enzyme,https://github.com/enzymejs/enzyme,618,2020-03-06T08:03:45Z,0,1589,1394
FFmpeg/FFmpeg,https://github.com/FFmpeg/FFmpeg,15,2020-03-07T00:43:53Z,11,0,0
dmlc/xgboost,https://github.com/dmlc/xgboost,1718,2020-03-07T02:36:27Z,19,3281,3090
jlmakes/scrollreveal,https://github.com/jlmakes/scrollreveal,31,2020-03-07T03:18:40Z,0,446,439
atlassian/react-beautiful-dnd,https://github.com/atlassian/react-beautiful-dnd,463,2020-03-07T02:53:22Z,66,986,834
domnikl/DesignPatternsPHP,https://github.com/domnikl/DesignPatternsPHP,219,2020-03-07T02:37:26Z,0,89,86
pyenv/pyenv,https://github.com/pyenv/pyenv,383,2020-03-07T03:02:22Z,24,1052,880
apache/incubator-mxnet,https://github.com/apache/incubator-mxnet,7117,2020-03-06T22:17:40Z,20,8671,7095
influxdata/influxdb,https://github.com/influxdata/influxdb,6494,2020-03-07T03:39:55Z,29,9454,8859
Prinzhorn/skrollr,https://github.com/Prinzhorn/skrollr,35,2020-03-07T02:29:34Z,0,776,533
ramda/ramda,https://github.com/ramda/ramda,1165,2020-03-07T03:18:14Z,23,1419,1242
bvaughn/react-virtualized,https://github.com/bvaughn/react-virtualized,430,2020-03-06T15:51:28Z,0,934,679
chubin/cheat.sh,https://github.com/chubin/cheat.sh,58,2020-03-07T02:42:31Z,0,108,50
jobbole/awesome-python-cn,https://github.com/jobbole/awesome-python-cn,43,2020-03-07T00:46:46Z,0,10,9
jgm/pandoc,https://github.com/jgm/pandoc,954,2020-03-07T03:28:57Z,78,4859,4333
hankcs/HanLP,https://github.com/hankcs/HanLP,59,2020-03-07T02:30:38Z,49,1334,1328
NativeScript/NativeScript,https://github.com/NativeScript/NativeScript,2474,2020-03-07T01:45:28Z,48,5526,4910
verekia/js-stack-from-scratch,https://github.com/verekia/js-stack-from-scratch,55,2020-03-07T03:17:59Z,1,155,118
vapor/vapor,https://github.com/vapor/vapor,824,2020-03-07T00:25:14Z,286,1191,1110
inconshreveable/ngrok,https://github.com/inconshreveable/ngrok,34,2020-03-07T03:44:09Z,0,573,368
sharkdp/bat,https://github.com/sharkdp/bat,328,2020-03-07T02:00:55Z,19,485,459
segmentio/nightmare,https://github.com/segmentio/nightmare,251,2020-03-06T11:53:16Z,1,1203,1055
postcss/autoprefixer,https://github.com/postcss/autoprefixer,232,2020-03-06T22:18:05Z,146,1001,983
react-native-elements/react-native-elements,https://github.com/react-native-elements/react-native-elements,643,2020-03-06T20:18:01Z,52,1384,1285
doczjs/docz,https://github.com/doczjs/docz,333,2020-03-06T16:04:39Z,124,988,916
donnemartin/data-science-ipython-notebooks,https://github.com/donnemartin/data-science-ipython-notebooks,31,2020-03-06T16:39:19Z,0,25,18
mitmproxy/mitmproxy,https://github.com/mitmproxy/mitmproxy,1408,2020-03-07T03:11:56Z,31,2108,1870
HeroTransitions/Hero,https://github.com/HeroTransitions/Hero,88,2020-03-06T17:59:03Z,35,536,370
googlehosts/hosts,https://github.com/googlehosts/hosts,50,2020-03-07T00:18:35Z,0,369,325
ReactiveX/RxSwift,https://github.com/ReactiveX/RxSwift,663,2020-03-07T03:01:46Z,63,1028,1006
PowerShell/PowerShell,https://github.com/PowerShell/PowerShell,4010,2020-03-07T03:43:39Z,67,7077,4756
bcit-ci/CodeIgniter,https://github.com/bcit-ci/CodeIgniter,1265,2020-03-07T01:01:42Z,0,3089,3038
chenglou/react-motion,https://github.com/chenglou/react-motion,144,2020-03-07T01:58:34Z,4,386,241
ftlabs/fastclick,https://github.com/ftlabs/fastclick,67,2020-03-07T01:06:07Z,3,388,179
typicode/husky,https://github.com/typicode/husky,128,2020-03-07T02:44:46Z,31,468,354
junegunn/vim-plug,https://github.com/junegunn/vim-plug,137,2020-03-07T02:58:05Z,4,727,688
wsargent/docker-cheat-sheet,https://github.com/wsargent/docker-cheat-sheet,123,2020-03-07T03:39:27Z,0,24,20
dotnet/corefx,https://github.com/dotnet/corefx,21635,2020-03-06T17:08:40Z,87,0,0
cockroachdb/cockroach,https://github.com/cockroachdb/cockroach,20720,2020-03-07T01:58:53Z,17,23075,20081
typeorm/typeorm,https://github.com/typeorm/typeorm,890,2020-03-07T03:47:48Z,0,4389,2958
ruanyf/es6tutorial,https://github.com/ruanyf/es6tutorial,318,2020-03-06T17:41:49Z,0,456,455
mattermost/mattermost-server,https://github.com/mattermost/mattermost-server,8353,2020-03-06T21:34:26Z,186,4471,4133
SnapKit/Masonry,https://github.com/SnapKit/Masonry,75,2020-03-06T06:58:17Z,1,435,327
avajs/ava,https://github.com/avajs/ava,794,2020-03-07T03:20:08Z,65,1318,1163
rollup/rollup,https://github.com/rollup/rollup,1031,2020-03-07T02:52:34Z,131,2175,2008
kataras/iris,https://github.com/kataras/iris,146,2020-03-07T01:27:04Z,26,507,498
kubernetes/minikube,https://github.com/kubernetes/minikube,2761,2020-03-07T02:42:58Z,81,3711,3306
nlohmann/json,https://github.com/nlohmann/json,288,2020-03-07T01:02:03Z,31,1524,1491
react-navigation/react-navigation,https://github.com/react-navigation/react-navigation,758,2020-03-07T00:28:51Z,166,6459,6231
Popmotion/popmotion,https://github.com/Popmotion/popmotion,288,2020-03-06T21:13:33Z,0,538,532
alibaba/weex,https://github.com/alibaba/weex,1083,2020-03-06T10:25:53Z,6,1845,1310
mongodb/mongo,https://github.com/mongodb/mongo,114,2020-03-07T02:07:54Z,0,0,0
nagadomi/waifu2x,https://github.com/nagadomi/waifu2x,61,2020-03-07T01:27:33Z,3,257,156
facebook/draft-js,https://github.com/facebook/draft-js,212,2020-03-06T22:52:23Z,23,1461,877
feathericons/feather,https://github.com/feathericons/feather,87,2020-03-07T03:23:25Z,48,443,186
Advanced-Frontend/Daily-Interview-Question,https://github.com/Advanced-Frontend/Daily-Interview-Question,14,2020-03-07T03:25:04Z,0,323,167
fighting41love/funNLP,https://github.com/fighting41love/funNLP,9,2020-03-07T03:14:47Z,0,19,19
MostlyAdequate/mostly-adequate-guide,https://github.com/MostlyAdequate/mostly-adequate-guide,259,2020-03-07T03:20:26Z,0,218,181
google/gson,https://github.com/google/gson,201,2020-03-06T21:45:34Z,0,1244,842
xi-editor/xi-editor,https://github.com/xi-editor/xi-editor,622,2020-03-06T12:26:03Z,0,502,374
trailofbits/algo,https://github.com/trailofbits/algo,420,2020-03-07T02:29:55Z,2,1226,1158
jinzhu/gorm,https://github.com/jinzhu/gorm,333,2020-03-07T03:44:09Z,10,2331,1753
ipfs/ipfs,https://github.com/ipfs/ipfs,111,2020-03-07T02:51:13Z,0,222,190
jcjohnson/neural-style,https://github.com/jcjohnson/neural-style,16,2020-03-06T23:32:39Z,0,433,141
square/picasso,https://github.com/square/picasso,469,2020-03-07T02:14:03Z,6,1493,1315
3b1b/manim,https://github.com/3b1b/manim,332,2020-03-07T03:30:02Z,0,478,321
afollestad/material-dialogs,https://github.com/afollestad/material-dialogs,175,2020-03-07T03:17:17Z,92,1154,1129
dhg/Skeleton,https://github.com/dhg/Skeleton,25,2020-03-06T22:12:05Z,6,193,122
fastai/fastai,https://github.com/fastai/fastai,1158,2020-03-07T02:42:39Z,0,1000,999
cfenollosa/os-tutorial,https://github.com/cfenollosa/os-tutorial,11,2020-03-06T23:20:27Z,0,71,47
veggiemonk/awesome-docker,https://github.com/veggiemonk/awesome-docker,660,2020-03-06T23:13:43Z,1,94,94
tj/commander.js,https://github.com/tj/commander.js,354,2020-03-07T03:37:19Z,42,636,599
liyasthomas/postwoman,https://github.com/liyasthomas/postwoman,352,2020-03-07T02:37:35Z,5,229,215
nsqio/nsq,https://github.com/nsqio/nsq,605,2020-03-07T00:53:53Z,29,511,466
abhat222/Data-Science--Cheat-Sheet,https://github.com/abhat222/Data-Science--Cheat-Sheet,13,2020-03-07T03:17:20Z,0,14,6
bilibili/flv.js,https://github.com/bilibili/flv.js,16,2020-03-06T20:46:10Z,12,497,252
jorgebucaran/hyperapp,https://github.com/jorgebucaran/hyperapp,231,2020-03-06T14:45:14Z,26,506,497
parse-community/parse-server,https://github.com/parse-community/parse-server,2262,2020-03-07T00:32:14Z,75,3561,3484
ruanyf/jstraining,https://github.com/ruanyf/jstraining,17,2020-03-07T02:28:25Z,0,41,41
npm/npm,https://github.com/npm/npm,439,2020-03-05T16:43:20Z,261,18672,16505
MunGell/awesome-for-beginners,https://github.com/MunGell/awesome-for-beginners,243,2020-03-07T02:08:02Z,0,52,52
react-bootstrap/react-bootstrap,https://github.com/react-bootstrap/react-bootstrap,1955,2020-03-07T03:28:50Z,3,2588,2474
swagger-api/swagger-ui,https://github.com/swagger-api/swagger-ui,1246,2020-03-06T19:26:51Z,139,3980,3494
balena-io/etcher,https://github.com/balena-io/etcher,1524,2020-03-07T03:26:18Z,105,1371,1156
SeleniumHQ/selenium,https://github.com/SeleniumHQ/selenium,446,2020-03-07T03:20:56Z,27,6291,5816
openfaas/faas,https://github.com/openfaas/faas,582,2020-03-07T03:44:11Z,121,659,598
Seldaek/monolog,https://github.com/Seldaek/monolog,550,2020-03-07T02:49:07Z,36,605,561
jaredhanson/passport,https://github.com/jaredhanson/passport,44,2020-03-07T02:02:43Z,0,635,321
lukasz-madon/awesome-remote-job,https://github.com/lukasz-madon/awesome-remote-job,438,2020-03-07T02:23:08Z,0,35,33
kelthuzadx/hosts,https://github.com/kelthuzadx/hosts,286,2020-03-06T14:48:13Z,2,891,888
JohnCoates/Aerial,https://github.com/JohnCoates/Aerial,183,2020-03-07T03:35:35Z,92,685,657
OAI/OpenAPI-Specification,https://github.com/OAI/OpenAPI-Specification,573,2020-03-06T21:32:33Z,7,1401,982
davideuler/architecture.of.internet-product,https://github.com/davideuler/architecture.of.internet-product,1,2020-03-06T13:21:09Z,0,10,3
keon/algorithms,https://github.com/keon/algorithms,356,2020-03-06T22:31:34Z,0,109,75
felixrieseberg/windows95,https://github.com/felixrieseberg/windows95,14,2020-03-07T02:42:56Z,10,137,79
ianstormtaylor/slate,https://github.com/ianstormtaylor/slate,1053,2020-03-07T03:21:38Z,18,2126,1970
odoo/odoo,https://github.com/odoo/odoo,6046,2020-03-07T03:26:45Z,0,12032,10794
prisma/prisma,https://github.com/prisma/prisma,1310,2020-03-07T02:05:20Z,181,3357,2817
airyland/vux,https://github.com/airyland/vux,309,2020-03-07T03:21:51Z,78,3201,2458
komeiji-satori/Dress,https://github.com/komeiji-satori/Dress,316,2020-03-07T03:08:47Z,0,286,216
tmux/tmux,https://github.com/tmux/tmux,0,2020-03-07T03:14:53Z,27,1778,1772
viatsko/awesome-vscode,https://github.com/viatsko/awesome-vscode,209,2020-03-06T23:48:18Z,0,31,19
encode/django-rest-framework,https://github.com/encode/django-rest-framework,2424,2020-03-06T17:10:58Z,13,3376,3222
localForage/localForage,https://github.com/localForage/localForage,258,2020-03-06T17:42:31Z,22,594,448
TeamStuQ/skill-map,https://github.com/TeamStuQ/skill-map,42,2020-03-07T01:55:54Z,2,79,13
microsoft/CNTK,https://github.com/microsoft/CNTK,255,2020-03-06T15:36:16Z,32,3228,2504
nostra13/Android-Universal-Image-Loader,https://github.com/nostra13/Android-Universal-Image-Loader,49,2020-03-06T05:02:03Z,0,1203,762
BoostIO/Boostnote,https://github.com/BoostIO/Boostnote,1044,2020-03-07T01:16:30Z,15,2210,1781
Homebrew/homebrew-cask,https://github.com/Homebrew/homebrew-cask,59608,2020-03-07T02:34:06Z,81,5280,5246
tobiasahlin/SpinKit,https://github.com/tobiasahlin/SpinKit,51,2020-03-05T14:26:15Z,9,55,52
obsproject/obs-studio,https://github.com/obsproject/obs-studio,1257,2020-03-07T02:57:13Z,105,220,186
ruby/ruby,https://github.com/ruby/ruby,443,2020-03-06T21:52:11Z,0,0,0
labstack/echo,https://github.com/labstack/echo,299,2020-03-06T15:51:00Z,77,972,934
facebook/flux,https://github.com/facebook/flux,149,2020-03-06T18:45:29Z,0,228,217
pjreddie/darknet,https://github.com/pjreddie/darknet,9,2020-03-06T21:45:56Z,0,1839,433
kilimchoi/engineering-blogs,https://github.com/kilimchoi/engineering-blogs,673,2020-03-06T21:29:51Z,0,74,73
defunkt/jquery-pjax,https://github.com/defunkt/jquery-pjax,81,2020-03-06T21:29:11Z,11,440,386
elixir-lang/elixir,https://github.com/elixir-lang/elixir,4869,2020-03-06T23:20:45Z,100,4000,3981
angular/material,https://github.com/angular/material,763,2020-03-06T13:29:38Z,2,8920,8450
osquery/osquery,https://github.com/osquery/osquery,3233,2020-03-07T02:41:44Z,102,2378,1798
sqlmapproject/sqlmap,https://github.com/sqlmapproject/sqlmap,111,2020-03-07T03:12:31Z,5,3831,3784
libgdx/libgdx,https://github.com/libgdx/libgdx,1989,2020-03-06T18:29:24Z,3,3080,2806
helm/helm,https://github.com/helm/helm,2728,2020-03-07T03:44:15Z,102,4292,3542
vuejs/vue-devtools,https://github.com/vuejs/vue-devtools,193,2020-03-07T03:22:19Z,33,860,661
acmesh-official/acme.sh,https://github.com/acmesh-official/acme.sh,808,2020-03-07T03:04:06Z,27,1609,1149
geekcomputers/Python,https://github.com/geekcomputers/Python,482,2020-03-07T03:47:08Z,0,104,39
julianshapiro/velocity,https://github.com/julianshapiro/velocity,54,2020-03-05T16:10:20Z,18,800,760
lydiahallie/javascript-questions,https://github.com/lydiahallie/javascript-questions,148,2020-03-07T03:20:06Z,0,99,74
curl/curl,https://github.com/curl/curl,108,2020-03-07T03:13:24Z,42,2127,2089
chrisbanes/PhotoView,https://github.com/chrisbanes/PhotoView,51,2020-03-05T17:06:24Z,5,605,464
facebook/hhvm,https://github.com/facebook/hhvm,86,2020-03-07T03:34:31Z,15,5706,4874
google/python-fire,https://github.com/google/python-fire,43,2020-03-07T03:12:59Z,5,147,104
git-tips/tips,https://github.com/git-tips/tips,124,2020-03-07T02:48:58Z,0,26,15
d2l-ai/d2l-zh,https://github.com/d2l-ai/d2l-zh,461,2020-03-07T03:31:25Z,9,0,0
denysdovhan/wtfjs,https://github.com/denysdovhan/wtfjs,53,2020-03-07T03:39:56Z,0,64,27
stedolan/jq,https://github.com/stedolan/jq,202,2020-03-06T18:50:37Z,9,1621,1157
go-kit/kit,https://github.com/go-kit/kit,405,2020-03-07T03:44:16Z,10,444,389
reduxjs/reselect,https://github.com/reduxjs/reselect,91,2020-03-07T00:07:08Z,22,292,231
dotnet/aspnetcore,https://github.com/dotnet/aspnetcore,4086,2020-03-07T02:29:31Z,76,14239,12119
InterviewMap/CS-Interview-Knowledge-Map,https://github.com/InterviewMap/CS-Interview-Knowledge-Map,60,2020-03-06T22:44:24Z,0,100,74
sampotts/plyr,https://github.com/sampotts/plyr,259,2020-03-07T00:28:26Z,67,1329,967
react-spring/react-spring,https://github.com/react-spring/react-spring,202,2020-03-06T18:43:00Z,4,678,582
less/less.js,https://github.com/less/less.js,401,2020-03-06T21:26:06Z,29,2634,2487
yeasy/docker_practice,https://github.com/yeasy/docker_practice,224,2020-03-07T02:12:09Z,13,172,168
android/architecture-components-samples,https://github.com/android/architecture-components-samples,166,2020-03-06T23:02:59Z,0,534,437
CMU-Perceptual-Computing-Lab/openpose,https://github.com/CMU-Perceptual-Computing-Lab/openpose,117,2020-03-07T00:12:51Z,13,1289,1271
facebook/rocksdb,https://github.com/facebook/rocksdb,540,2020-03-07T00:24:38Z,120,1859,1550
SnapKit/SnapKit,https://github.com/SnapKit/SnapKit,107,2020-03-06T15:17:38Z,11,478,414
nikitavoloboev/my-mac-os,https://github.com/nikitavoloboev/my-mac-os,14,2020-03-07T03:35:52Z,0,67,66
Wox-launcher/Wox,https://github.com/Wox-launcher/Wox,172,2020-03-07T01:37:33Z,25,2454,1551
facebook/fresco,https://github.com/facebook/fresco,81,2020-03-06T20:37:22Z,40,2079,1985
Micropoor/Micro8,https://github.com/Micropoor/Micro8,2,2020-03-06T17:01:29Z,0,40,30
benweet/stackedit,https://github.com/benweet/stackedit,35,2020-03-07T00:26:36Z,13,1480,959
twitter/typeahead.js,https://github.com/twitter/typeahead.js,106,2020-03-06T05:45:11Z,0,1309,903
necolas/react-native-web,https://github.com/necolas/react-native-web,15,2020-03-06T22:42:59Z,14,1135,1069
spf13/cobra,https://github.com/spf13/cobra,284,2020-03-07T02:05:52Z,6,533,372
vlang/v,https://github.com/vlang/v,1605,2020-03-07T03:45:44Z,22,1921,1360
ApolloAuto/apollo,https://github.com/ApolloAuto/apollo,7861,2020-03-07T02:30:36Z,8,2161,1573
explosion/spaCy,https://github.com/explosion/spaCy,1195,2020-03-07T02:49:30Z,64,3745,3576
eslint/eslint,https://github.com/eslint/eslint,4344,2020-03-07T03:23:32Z,206,7670,7535
sebastianbergmann/phpunit,https://github.com/sebastianbergmann/phpunit,621,2020-03-07T01:57:02Z,33,2642,2541
adobe-fonts/source-code-pro,https://github.com/adobe-fonts/source-code-pro,42,2020-03-06T22:40:23Z,11,180,137
apache/airflow,https://github.com/apache/airflow,3881,2020-03-06T21:43:14Z,15,0,0
matterport/Mask_RCNN,https://github.com/matterport/Mask_RCNN,65,2020-03-07T03:03:55Z,3,1830,600
rwaldron/idiomatic.js,https://github.com/rwaldron/idiomatic.js,108,2020-03-06T18:19:43Z,0,75,44
highlightjs/highlight.js,https://github.com/highlightjs/highlight.js,824,2020-03-07T01:26:47Z,1,1281,1243
microsoft/PowerToys,https://github.com/microsoft/PowerToys,339,2020-03-07T03:45:32Z,7,1071,556
lovell/sharp,https://github.com/lovell/sharp,162,2020-03-07T03:37:49Z,22,1876,1793
palantir/blueprint,https://github.com/palantir/blueprint,1637,2020-03-06T23:47:14Z,110,2025,1557
vuejs/vue-router,https://github.com/vuejs/vue-router,492,2020-03-06T22:57:57Z,63,2343,2212
yunjey/pytorch-tutorial,https://github.com/yunjey/pytorch-tutorial,28,2020-03-06T19:17:11Z,0,152,109
jhipster/generator-jhipster,https://github.com/jhipster/generator-jhipster,5103,2020-03-07T00:55:31Z,0,5671,5610
onevcat/Kingfisher,https://github.com/onevcat/Kingfisher,407,2020-03-06T20:16:29Z,130,902,854
facebook/docusaurus,https://github.com/facebook/docusaurus,1469,2020-03-07T03:11:39Z,66,750,683
graphql/graphql-js,https://github.com/graphql/graphql-js,1444,2020-03-07T02:18:27Z,106,793,718
reactnativecn/react-native-guide,https://github.com/reactnativecn/react-native-guide,48,2020-03-07T03:14:24Z,0,19,18
jamiebuilds/the-super-tiny-compiler,https://github.com/jamiebuilds/the-super-tiny-compiler,20,2020-03-07T03:48:20Z,0,0,0
goldfire/howler.js,https://github.com/goldfire/howler.js,106,2020-03-07T02:24:21Z,20,1076,752
eriklindernoren/ML-From-Scratch,https://github.com/eriklindernoren/ML-From-Scratch,9,2020-03-06T19:17:32Z,0,53,33
vuejs/vuepress,https://github.com/vuejs/vuepress,615,2020-03-07T03:28:04Z,5,1339,1135
servo/servo,https://github.com/servo/servo,12779,2020-03-06T21:41:42Z,0,10723,7494
gfwlist/gfwlist,https://github.com/gfwlist/gfwlist,0,2020-03-07T02:25:57Z,0,1891,1379
drduh/macOS-Security-and-Privacy-Guide,https://github.com/drduh/macOS-Security-and-Privacy-Guide,125,2020-03-07T02:25:23Z,0,213,211
QSCTech/zju-icicles,https://github.com/QSCTech/zju-icicles,74,2020-03-07T00:13:19Z,0,25,20
getredash/redash,https://github.com/getredash/redash,2303,2020-03-07T03:24:15Z,94,1822,1460
JacksonTian/fks,https://github.com/JacksonTian/fks,81,2020-03-06T17:13:15Z,0,26,17
jdg/MBProgressHUD,https://github.com/jdg/MBProgressHUD,95,2020-03-06T06:03:43Z,0,374,330
alsotang/node-lessons,https://github.com/alsotang/node-lessons,27,2020-03-07T03:24:20Z,0,125,43
jgraph/drawio,https://github.com/jgraph/drawio,17,2020-03-07T03:06:07Z,368,711,507
mojs/mojs,https://github.com/mojs/mojs,35,2020-03-07T03:24:28Z,14,171,116
Kotlin/anko,https://github.com/Kotlin/anko,100,2020-03-06T06:42:18Z,26,614,376
jtoy/awesome-tensorflow,https://github.com/jtoy/awesome-tensorflow,106,2020-03-07T00:43:39Z,0,10,10
mqyqingfeng/Blog,https://github.com/mqyqingfeng/Blog,3,2020-03-07T03:24:38Z,0,147,66
ElemeFE/mint-ui,https://github.com/ElemeFE/mint-ui,297,2020-03-06T14:30:29Z,11,1212,977
wekan/wekan,https://github.com/wekan/wekan,461,2020-03-06T17:29:43Z,93,2218,1633
jashkenas/coffeescript,https://github.com/jashkenas/coffeescript,846,2020-03-06T18:06:42Z,0,4047,4016
immerjs/immer,https://github.com/immerjs/immer,171,2020-03-07T03:11:02Z,51,335,321
CorentinJ/Real-Time-Voice-Cloning,https://github.com/CorentinJ/Real-Time-Voice-Cloning,9,2020-03-06T23:56:38Z,0,253,139
uikit/uikit,https://github.com/uikit/uikit,186,2020-03-06T23:36:33Z,149,3620,2998
HelloZeroNet/ZeroNet,https://github.com/HelloZeroNet/ZeroNet,356,2020-03-07T02:25:41Z,22,1894,1299
hubotio/hubot,https://github.com/hubotio/hubot,508,2020-03-06T21:25:45Z,9,741,681
zeit/pkg,https://github.com/zeit/pkg,43,2020-03-06T13:43:10Z,22,764,296
nicolargo/glances,https://github.com/nicolargo/glances,351,2020-03-07T02:10:04Z,18,1170,1031
reddit-archive/reddit,https://github.com/reddit-archive/reddit,18,2020-03-05T21:07:28Z,0,0,0
nosir/cleave.js,https://github.com/nosir/cleave.js,128,2020-03-06T21:59:12Z,61,406,302
swoole/swoole-src,https://github.com/swoole/swoole-src,651,2020-03-07T03:43:31Z,182,2308,2257
framework7io/framework7,https://github.com/framework7io/framework7,362,2020-03-07T00:29:09Z,131,2973,2882
fabricjs/fabric.js,https://github.com/fabricjs/fabric.js,1339,2020-03-06T23:46:37Z,92,4444,4225
google/flexbox-layout,https://github.com/google/flexbox-layout,239,2020-03-07T01:03:53Z,24,262,195
rubocop-hq/ruby-style-guide,https://github.com/rubocop-hq/ruby-style-guide,313,2020-03-06T18:29:35Z,0,287,227
mbadolato/iTerm2-Color-Schemes,https://github.com/mbadolato/iTerm2-Color-Schemes,153,2020-03-07T03:16:03Z,0,57,47
bower/bower,https://github.com/bower/bower,331,2020-03-07T03:26:24Z,36,1893,1691
hasura/graphql-engine,https://github.com/hasura/graphql-engine,1375,2020-03-07T03:41:53Z,63,2127,1416
fengdu78/Coursera-ML-AndrewNg-Notes,https://github.com/fengdu78/Coursera-ML-AndrewNg-Notes,9,2020-03-07T03:47:43Z,0,44,10
wycats/handlebars.js,https://github.com/wycats/handlebars.js,294,2020-03-06T21:41:31Z,0,1210,1098
mysqljs/mysql,https://github.com/mysqljs/mysql,108,2020-03-06T19:45:01Z,0,1926,1809
bannedbook/fanqiang,https://github.com/bannedbook/fanqiang,1,2020-03-07T03:43:45Z,0,439,271
hashicorp/vault,https://github.com/hashicorp/vault,4373,2020-03-07T03:46:28Z,0,3461,3023
judasn/IntelliJ-IDEA-Tutorial,https://github.com/judasn/IntelliJ-IDEA-Tutorial,37,2020-03-07T03:41:47Z,0,67,66
MLEveryday/100-Days-Of-ML-Code,https://github.com/MLEveryday/100-Days-Of-ML-Code,43,2020-03-07T01:55:06Z,0,46,38
uglide/RedisDesktopManager,https://github.com/uglide/RedisDesktopManager,223,2020-03-07T01:30:17Z,59,4262,4222
validatorjs/validator.js,https://github.com/validatorjs/validator.js,388,2020-03-07T03:27:24Z,4,660,576
jesseduffield/lazygit,https://github.com/jesseduffield/lazygit,291,2020-03-07T03:23:25Z,81,352,291
android/plaid,https://github.com/android/plaid,366,2020-03-06T15:21:34Z,0,327,269
apache/kafka,https://github.com/apache/kafka,2556,2020-03-07T02:57:54Z,0,0,0
iissnan/hexo-theme-next,https://github.com/iissnan/hexo-theme-next,275,2020-03-06T14:38:14Z,18,1827,1771
shuzheng/zheng,https://github.com/shuzheng/zheng,10,2020-03-07T02:34:26Z,0,86,59
wenyan-lang/wenyan,https://github.com/wenyan-lang/wenyan,152,2020-03-07T01:49:18Z,11,421,275
google/ExoPlayer,https://github.com/google/ExoPlayer,412,2020-03-06T09:06:11Z,0,6198,5829
jenkinsci/jenkins,https://github.com/jenkinsci/jenkins,3208,2020-03-06T21:00:05Z,34,0,0
psf/black,https://github.com/psf/black,303,2020-03-06T23:45:43Z,2,901,659
js-cookie/js-cookie,https://github.com/js-cookie/js-cookie,49,2020-03-07T03:27:29Z,27,396,393
marktext/marktext,https://github.com/marktext/marktext,721,2020-03-06T20:04:22Z,28,1192,951
1c7/chinese-independent-developer,https://github.com/1c7/chinese-independent-developer,86,2020-03-06T16:38:49Z,0,51,49
winstonjs/winston,https://github.com/winstonjs/winston,343,2020-03-06T17:37:22Z,0,1133,855
eggjs/egg,https://github.com/eggjs/egg,913,2020-03-06T11:10:09Z,72,3159,3046
ipader/SwiftGuide,https://github.com/ipader/SwiftGuide,25,2020-03-07T01:52:34Z,0,27,27
ruanyf/react-demos,https://github.com/ruanyf/react-demos,16,2020-03-07T02:31:21Z,0,27,27
visionmedia/superagent,https://github.com/visionmedia/superagent,393,2020-03-06T22:28:42Z,61,949,834
keystonejs/keystone-classic,https://github.com/keystonejs/keystone-classic,1738,2020-03-06T22:07:42Z,16,2446,2149
statsd/statsd,https://github.com/statsd/statsd,288,2020-03-07T03:28:29Z,0,255,215
phoenixframework/phoenix,https://github.com/phoenixframework/phoenix,1440,2020-03-07T03:48:34Z,20,1841,1825
sebastianruder/NLP-progress,https://github.com/sebastianruder/NLP-progress,316,2020-03-07T02:01:28Z,2,74,56
enyo/dropzone,https://github.com/enyo/dropzone,68,2020-03-06T19:13:19Z,31,0,0
HubSpot/pace,https://github.com/HubSpot/pace,28,2020-03-06T02:51:01Z,23,416,138
jeromeetienne/AR.js,https://github.com/jeromeetienne/AR.js,76,2020-03-06T16:09:59Z,0,609,609
kriskowal/q,https://github.com/kriskowal/q,148,2020-03-05T14:49:36Z,0,546,446
Tencent/tinker,https://github.com/Tencent/tinker,58,2020-03-07T03:04:26Z,30,1242,984
StevenBlack/hosts,https://github.com/StevenBlack/hosts,265,2020-03-06T22:06:55Z,207,814,752
ChristosChristofidis/awesome-deep-learning,https://github.com/ChristosChristofidis/awesome-deep-learning,122,2020-03-06T22:07:27Z,0,13,13
basecamp/trix,https://github.com/basecamp/trix,106,2020-03-07T03:30:16Z,27,574,540
kon9chunkit/GitHub-Chinese-Top-Charts,https://github.com/kon9chunkit/GitHub-Chinese-Top-Charts,0,2020-03-07T03:18:48Z,0,65,21
chaozh/awesome-blockchain-cn,https://github.com/chaozh/awesome-blockchain-cn,7,2020-03-06T08:41:24Z,0,25,18
jasmine/jasmine,https://github.com/jasmine/jasmine,267,2020-03-07T03:30:26Z,39,1241,1187
tensorflow/magenta,https://github.com/tensorflow/magenta,880,2020-03-07T02:57:40Z,40,649,442
jamiebuilds/react-loadable,https://github.com/jamiebuilds/react-loadable,105,2020-03-07T02:24:37Z,0,0,0
madrobby/zepto,https://github.com/madrobby/zepto,218,2020-03-05T14:45:52Z,18,746,678
FelisCatus/SwitchyOmega,https://github.com/FelisCatus/SwitchyOmega,7,2020-03-06T15:01:05Z,51,1958,1622
alibaba/ice,https://github.com/alibaba/ice,1614,2020-03-07T03:31:02Z,19,1300,1249
angular-ui/bootstrap,https://github.com/angular-ui/bootstrap,69,2020-03-06T08:31:12Z,5,4455,4185
pcottle/learnGitBranching,https://github.com/pcottle/learnGitBranching,303,2020-03-07T03:15:56Z,0,302,269
designmodo/Flat-UI,https://github.com/designmodo/Flat-UI,38,2020-03-06T04:38:04Z,1,188,179
poteto/hiring-without-whiteboards,https://github.com/poteto/hiring-without-whiteboards,806,2020-03-06T15:58:05Z,0,0,0
cjbarber/ToolsOfTheTrade,https://github.com/cjbarber/ToolsOfTheTrade,275,2020-03-06T17:33:55Z,0,36,35
florinpop17/app-ideas,https://github.com/florinpop17/app-ideas,122,2020-03-07T03:05:00Z,0,13,6
google/googletest,https://github.com/google/googletest,596,2020-03-07T03:28:28Z,2,1434,1289
fish-shell/fish-shell,https://github.com/fish-shell/fish-shell,804,2020-03-07T03:00:17Z,26,4843,4374
PHPMailer/PHPMailer,https://github.com/PHPMailer/PHPMailer,254,2020-03-07T02:14:46Z,38,1536,1489
libuv/libuv,https://github.com/libuv/libuv,408,2020-03-07T03:00:43Z,0,1144,1070
v8/v8,https://github.com/v8/v8,0,2020-03-06T21:34:21Z,0,0,0
crystal-lang/crystal,https://github.com/crystal-lang/crystal,2909,2020-03-07T02:59:36Z,80,4929,4095
celery/celery,https://github.com/celery/celery,1176,2020-03-07T01:25:07Z,4,4054,3697
desandro/masonry,https://github.com/desandro/masonry,10,2020-03-07T00:56:35Z,22,1068,1042
wagerfield/parallax,https://github.com/wagerfield/parallax,14,2020-03-06T09:28:39Z,11,244,200
dvajs/dva,https://github.com/dvajs/dva,195,2020-03-07T02:37:59Z,35,1999,1980
n0shake/Public-APIs,https://github.com/n0shake/Public-APIs,237,2020-03-07T03:43:42Z,0,33,29
oxford-cs-deepnlp-2017/lectures,https://github.com/oxford-cs-deepnlp-2017/lectures,4,2020-03-06T23:36:50Z,0,16,6
sindresorhus/quick-look-plugins,https://github.com/sindresorhus/quick-look-plugins,22,2020-03-07T00:32:46Z,0,77,71
seata/seata,https://github.com/seata/seata,871,2020-03-06T14:31:11Z,26,1233,1012
acdlite/recompose,https://github.com/acdlite/recompose,246,2020-03-06T19:11:53Z,42,427,373
joewalnes/websocketd,https://github.com/joewalnes/websocketd,81,2020-03-06T02:13:57Z,6,274,250
twbs/ratchet,https://github.com/twbs/ratchet,231,2020-03-07T03:31:54Z,4,536,334
facebook/folly,https://github.com/facebook/folly,3,2020-03-06T17:22:34Z,0,656,485
microsoft/MS-DOS,https://github.com/microsoft/MS-DOS,34,2020-03-06T23:48:19Z,0,52,49
datasciencemasters/go,https://github.com/datasciencemasters/go,43,2020-03-06T23:26:36Z,0,42,22
lenve/vhr,https://github.com/lenve/vhr,0,2020-03-07T03:23:12Z,0,175,79
shieldfy/API-Security-Checklist,https://github.com/shieldfy/API-Security-Checklist,88,2020-03-07T02:18:28Z,0,28,19
Developer-Y/cs-video-courses,https://github.com/Developer-Y/cs-video-courses,67,2020-03-06T22:38:20Z,0,21,18
nswbmw/N-blog,https://github.com/nswbmw/N-blog,25,2020-03-07T03:32:00Z,0,434,419
popperjs/popper-core,https://github.com/popperjs/popper-core,348,2020-03-06T22:38:30Z,106,580,579
hapijs/joi,https://github.com/hapijs/joi,354,2020-03-06T22:34:36Z,0,1772,1759
zziz/pwc,https://github.com/zziz/pwc,10,2020-03-06T22:15:38Z,0,18,4
nostalgic-css/NES.css,https://github.com/nostalgic-css/NES.css,207,2020-03-06T17:49:59Z,7,147,126
rust-unofficial/awesome-rust,https://github.com/rust-unofficial/awesome-rust,709,2020-03-07T02:05:35Z,0,77,62
jesseduffield/lazydocker,https://github.com/jesseduffield/lazydocker,77,2020-03-07T01:17:35Z,24,120,69
AllThingsSmitty/css-protips,https://github.com/AllThingsSmitty/css-protips,42,2020-03-06T07:51:49Z,0,43,39
yabwe/medium-editor,https://github.com/yabwe/medium-editor,512,2020-03-07T03:32:30Z,149,894,599
ionic-team/ionicons,https://github.com/ionic-team/ionicons,35,2020-03-06T21:17:41Z,30,677,385
spf13/spf13-vim,https://github.com/spf13/spf13-vim,256,2020-03-07T02:34:00Z,0,719,407
bazelbuild/bazel,https://github.com/bazelbuild/bazel,22,2020-03-07T03:23:52Z,83,7383,5294
commaai/openpilot,https://github.com/commaai/openpilot,381,2020-03-07T02:58:44Z,18,390,355
notable/notable,https://github.com/notable/notable,25,2020-03-07T02:44:16Z,20,991,702
iview/iview-admin,https://github.com/iview/iview-admin,90,2020-03-06T23:29:20Z,30,1150,600
airbnb/react-sketchapp,https://github.com/airbnb/react-sketchapp,167,2020-03-06T17:51:26Z,22,275,249
infernojs/inferno,https://github.com/infernojs/inferno,528,2020-03-06T14:22:04Z,158,813,782
cocos2d/cocos2d-x,https://github.com/cocos2d/cocos2d-x,12318,2020-03-06T15:37:45Z,0,4749,3489
limetext/lime,https://github.com/limetext/lime,160,2020-03-06T18:32:27Z,0,400,378
facebook/relay,https://github.com/facebook/relay,107,2020-03-07T00:27:42Z,54,1558,1373
altercation/solarized,https://github.com/altercation/solarized,21,2020-03-06T23:52:54Z,0,244,95
reduxjs/redux-thunk,https://github.com/reduxjs/redux-thunk,47,2020-03-07T03:09:29Z,12,176,174
android10/Android-CleanArchitecture,https://github.com/android10/Android-CleanArchitecture,13,2020-03-06T12:57:10Z,0,243,120
briannesbitt/Carbon,https://github.com/briannesbitt/Carbon,857,2020-03-07T01:56:59Z,148,872,867
binux/pyspider,https://github.com/binux/pyspider,89,2020-03-06T11:25:33Z,13,783,537
braydie/HowToBeAProgrammer,https://github.com/braydie/HowToBeAProgrammer,84,2020-03-06T13:48:32Z,0,21,17
riot/riot,https://github.com/riot/riot,436,2020-03-07T03:32:46Z,52,2061,2056
Binaryify/NeteaseCloudMusicApi,https://github.com/Binaryify/NeteaseCloudMusicApi,61,2020-03-07T03:32:52Z,70,626,587
Tencent/mars,https://github.com/Tencent/mars,46,2020-03-06T18:03:19Z,6,676,528
PostgREST/postgrest,https://github.com/PostgREST/postgrest,432,2020-03-06T20:26:23Z,25,913,816
microsoft/api-guidelines,https://github.com/microsoft/api-guidelines,65,2020-03-06T20:20:10Z,0,76,51
portainer/portainer,https://github.com/portainer/portainer,974,2020-03-06T21:39:35Z,70,2422,1810
machinelearningmindset/TensorFlow-Course,https://github.com/machinelearningmindset/TensorFlow-Course,7,2020-03-07T03:01:13Z,1,9,9
sirupsen/logrus,https://github.com/sirupsen/logrus,353,2020-03-07T03:44:17Z,7,493,389
ipython/ipython,https://github.com/ipython/ipython,4901,2020-03-06T08:13:46Z,28,6275,5022
chalk/chalk,https://github.com/chalk/chalk,73,2020-03-07T03:33:32Z,16,256,246
charlax/professional-programming,https://github.com/charlax/professional-programming,18,2020-03-07T03:34:39Z,0,7,7
zhaoolee/ChromeAppHeroes,https://github.com/zhaoolee/ChromeAppHeroes,7,2020-03-07T03:47:29Z,0,35,27
YMFE/yapi,https://github.com/YMFE/yapi,96,2020-03-07T03:00:20Z,0,1489,727
tsenart/vegeta,https://github.com/tsenart/vegeta,124,2020-03-07T02:24:10Z,60,312,282
leereilly/games,https://github.com/leereilly/games,192,2020-03-07T01:29:39Z,0,197,75
hackiftekhar/IQKeyboardManager,https://github.com/hackiftekhar/IQKeyboardManager,99,2020-03-06T16:13:25Z,75,1521,1500
facebook/prepack,https://github.com/facebook/prepack,500,2020-03-07T03:33:38Z,43,767,561
libra/libra,https://github.com/libra/libra,469,2020-03-07T03:18:34Z,0,577,355
electron-react-boilerplate/electron-react-boilerplate,https://github.com/electron-react-boilerplate/electron-react-boilerplate,590,2020-03-07T03:12:24Z,38,1120,1088
nuysoft/Mock,https://github.com/nuysoft/Mock,7,2020-03-06T13:43:55Z,14,363,129
acgotaku/BaiduExporter,https://github.com/acgotaku/BaiduExporter,54,2020-03-07T03:28:58Z,10,623,614
adam-golab/react-developer-roadmap,https://github.com/adam-golab/react-developer-roadmap,26,2020-03-07T01:30:33Z,0,37,16
material-components/material-components-web,https://github.com/material-components/material-components-web,2580,2020-03-07T03:33:58Z,3,2396,2114
qiurunze123/miaosha,https://github.com/qiurunze123/miaosha,8,2020-03-07T03:03:12Z,0,38,28
hzlzh/Best-App,https://github.com/hzlzh/Best-App,48,2020-03-06T09:07:40Z,0,64,30
Shopify/draggable,https://github.com/Shopify/draggable,95,2020-03-07T03:34:20Z,9,221,123
wangzheng0822/algo,https://github.com/wangzheng0822/algo,321,2020-03-07T02:54:39Z,0,92,16
wangshub/wechat_jump_game,https://github.com/wangshub/wechat_jump_game,146,2020-03-05T14:41:38Z,2,984,958
google/flatbuffers,https://github.com/google/flatbuffers,798,2020-03-07T03:34:30Z,16,1259,1076
quasarframework/quasar,https://github.com/quasarframework/quasar,1953,2020-03-07T03:34:49Z,247,4062,3872
angular-ui/ui-router,https://github.com/angular-ui/ui-router,294,2020-03-06T19:59:51Z,54,3157,3143
mxgmn/WaveFunctionCollapse,https://github.com/mxgmn/WaveFunctionCollapse,16,2020-03-06T15:42:53Z,0,33,31
dennybritz/reinforcement-learning,https://github.com/dennybritz/reinforcement-learning,58,2020-03-06T15:02:48Z,0,139,54
elastic/kibana,https://github.com/elastic/kibana,32798,2020-03-07T03:45:05Z,21,22456,16542
iptv-org/iptv,https://github.com/iptv-org/iptv,763,2020-03-07T02:44:33Z,0,198,153
fbsamples/f8app,https://github.com/fbsamples/f8app,43,2020-03-06T02:45:07Z,0,201,186
nfarina/homebridge,https://github.com/nfarina/homebridge,208,2020-03-06T20:35:21Z,0,2167,2051
laurent22/joplin,https://github.com/laurent22/joplin,497,2020-03-07T01:20:22Z,114,1971,1791
trekhleb/homemade-machine-learning,https://github.com/trekhleb/homemade-machine-learning,2,2020-03-07T02:54:40Z,0,18,7
rancher/rancher,https://github.com/rancher/rancher,3671,2020-03-07T02:16:14Z,466,21559,19128
svg/svgo,https://github.com/svg/svgo,200,2020-03-06T15:12:50Z,34,886,623
realm/realm-cocoa,https://github.com/realm/realm-cocoa,2060,2020-03-06T06:59:23Z,140,3915,3479
fastify/fastify,https://github.com/fastify/fastify,1050,2020-03-07T03:46:10Z,130,846,797
janl/mustache.js,https://github.com/janl/mustache.js,150,2020-03-06T21:26:17Z,15,420,364
jsdom/jsdom,https://github.com/jsdom/jsdom,656,2020-03-07T03:35:51Z,17,1730,1453
PerfectlySoft/Perfect,https://github.com/PerfectlySoft/Perfect,74,2020-03-06T18:58:51Z,1,182,133
luong-komorebi/Awesome-Linux-Software,https://github.com/luong-komorebi/Awesome-Linux-Software,359,2020-03-07T02:25:17Z,0,98,91
eligrey/FileSaver.js,https://github.com/eligrey/FileSaver.js,64,2020-03-07T03:34:59Z,13,498,431
yudai/gotty,https://github.com/yudai/gotty,33,2020-03-06T22:19:13Z,16,185,117
FormidableLabs/webpack-dashboard,https://github.com/FormidableLabs/webpack-dashboard,84,2020-03-05T21:24:15Z,22,204,173
tqdm/tqdm,https://github.com/tqdm/tqdm,175,2020-03-07T01:52:47Z,79,589,387
0xd4d/dnSpy,https://github.com/0xd4d/dnSpy,46,2020-03-07T03:13:34Z,1,1317,1187
huge-success/sanic,https://github.com/huge-success/sanic,774,2020-03-06T12:04:55Z,26,851,798
WordPress/WordPress,https://github.com/WordPress/WordPress,0,2020-03-07T02:25:07Z,0,0,0
MengTo/Spring,https://github.com/MengTo/Spring,60,2020-03-06T21:17:49Z,0,219,88
Carthage/Carthage,https://github.com/Carthage/Carthage,917,2020-03-06T16:13:08Z,70,1846,1698
DrKLO/Telegram,https://github.com/DrKLO/Telegram,16,2020-03-06T17:52:27Z,15,0,0
tj/git-extras,https://github.com/tj/git-extras,414,2020-03-06T17:59:43Z,14,298,212
golang-standards/project-layout,https://github.com/golang-standards/project-layout,12,2020-03-07T03:32:35Z,0,40,9
norvig/pytudes,https://github.com/norvig/pytudes,41,2020-03-07T02:15:27Z,0,20,10
ampproject/amphtml,https://github.com/ampproject/amphtml,13643,2020-03-07T01:17:49Z,477,10364,8686
go-delve/delve,https://github.com/go-delve/delve,652,2020-03-06T14:47:44Z,6,1025,934
Awesome-HarmonyOS/HarmonyOS,https://github.com/Awesome-HarmonyOS/HarmonyOS,13,2020-03-06T09:05:42Z,0,0,0
hemanth/functional-programming-jargon,https://github.com/hemanth/functional-programming-jargon,111,2020-03-07T01:50:46Z,0,63,42
websockets/ws,https://github.com/websockets/ws,437,2020-03-07T03:36:07Z,54,1115,1106
GeekyAnts/NativeBase,https://github.com/GeekyAnts/NativeBase,452,2020-03-06T13:54:40Z,82,2396,2203
halo-dev/halo,https://github.com/halo-dev/halo,109,2020-03-07T02:53:24Z,47,455,410
CarGuo/GSYVideoPlayer,https://github.com/CarGuo/GSYVideoPlayer,10,2020-03-06T11:46:22Z,15,2490,2474
30-seconds/30-seconds-of-css,https://github.com/30-seconds/30-seconds-of-css,95,2020-03-06T21:06:42Z,0,56,55
recharts/recharts,https://github.com/recharts/recharts,226,2020-03-06T22:56:15Z,0,1722,1148
yaronn/blessed-contrib,https://github.com/yaronn/blessed-contrib,63,2020-03-06T15:27:01Z,0,111,54
ibireme/YYKit,https://github.com/ibireme/YYKit,32,2020-03-06T06:10:58Z,0,476,239
amazeui/amazeui,https://github.com/amazeui/amazeui,418,2020-03-07T03:36:24Z,25,699,563
TKkk-iOSer/WeChatPlugin-MacOS,https://github.com/TKkk-iOSer/WeChatPlugin-MacOS,7,2020-03-07T02:36:00Z,15,553,423
apache/incubator-weex,https://github.com/apache/incubator-weex,1683,2020-03-06T15:53:59Z,5,802,679
vim-airline/vim-airline,https://github.com/vim-airline/vim-airline,484,2020-03-07T00:29:19Z,11,1448,1427
angular/angular-seed,https://github.com/angular/angular-seed,10,2020-03-06T08:03:36Z,0,212,203
dwmkerr/hacker-laws,https://github.com/dwmkerr/hacker-laws,105,2020-03-07T02:55:52Z,0,122,36
apollographql/apollo-client,https://github.com/apollographql/apollo-client,2703,2020-03-06T20:15:01Z,1,2582,2163
yiisoft/yii2,https://github.com/yiisoft/yii2,4288,2020-03-06T20:14:47Z,47,10549,10080
geeeeeeeeek/electronic-wechat,https://github.com/geeeeeeeeek/electronic-wechat,59,2020-03-06T13:21:04Z,7,593,396
cool-RR/PySnooper,https://github.com/cool-RR/PySnooper,53,2020-03-06T14:30:16Z,0,93,80
ccxt/ccxt,https://github.com/ccxt/ccxt,1987,2020-03-07T02:12:39Z,0,4199,3860
facebookarchive/AsyncDisplayKit,https://github.com/facebookarchive/AsyncDisplayKit,1662,2020-03-06T23:59:08Z,27,1365,1343
interagent/http-api-design,https://github.com/interagent/http-api-design,36,2020-03-05T13:58:27Z,0,46,17
ccgus/fmdb,https://github.com/ccgus/fmdb,138,2020-03-06T06:36:20Z,4,518,304
prisma-archive/chromeless,https://github.com/prisma-archive/chromeless,88,2020-03-06T21:13:44Z,7,332,160
SpaceVim/SpaceVim,https://github.com/SpaceVim/SpaceVim,1602,2020-03-07T00:29:01Z,14,1660,1632
handsontable/handsontable,https://github.com/handsontable/handsontable,473,2020-03-07T03:37:52Z,173,5802,5069
mozilla/DeepSpeech,https://github.com/mozilla/DeepSpeech,998,2020-03-06T22:42:22Z,51,1595,1534
urfave/cli,https://github.com/urfave/cli,445,2020-03-07T03:44:18Z,18,492,425
cayleygraph/cayley,https://github.com/cayleygraph/cayley,358,2020-03-07T01:06:06Z,15,457,385
css-modules/css-modules,https://github.com/css-modules/css-modules,22,2020-03-06T19:15:36Z,0,298,218
didi/DoraemonKit,https://github.com/didi/DoraemonKit,113,2020-03-07T02:26:13Z,3,273,250
vurtun/nuklear,https://github.com/vurtun/nuklear,201,2020-03-07T02:19:43Z,0,659,451
lgvalle/Material-Animations,https://github.com/lgvalle/Material-Animations,12,2020-03-06T06:42:59Z,0,40,27
fivethirtyeight/data,https://github.com/fivethirtyeight/data,41,2020-03-06T20:19:01Z,0,100,72
syhyz1990/baiduyun,https://github.com/syhyz1990/baiduyun,2,2020-03-07T03:34:37Z,0,411,378
source-foundry/Hack,https://github.com/source-foundry/Hack,58,2020-03-07T02:14:30Z,15,428,333
frappe/charts,https://github.com/frappe/charts,50,2020-03-06T21:13:45Z,4,180,93
kailashahirwar/cheatsheets-ai,https://github.com/kailashahirwar/cheatsheets-ai,2,2020-03-07T02:56:51Z,0,14,8
ty4z2008/Qix,https://github.com/ty4z2008/Qix,13,2020-03-06T17:29:32Z,1,20,20
cmusatyalab/openface,https://github.com/cmusatyalab/openface,38,2020-03-06T12:54:04Z,4,364,362
golang/dep,https://github.com/golang/dep,681,2020-03-07T01:59:49Z,12,1347,1085
CoderMJLee/MJRefresh,https://github.com/CoderMJLee/MJRefresh,78,2020-03-06T02:44:29Z,24,1223,1202
browserify/browserify,https://github.com/browserify/browserify,220,2020-03-07T03:39:49Z,12,1408,1094
you-dont-need/You-Dont-Need-JavaScript,https://github.com/you-dont-need/You-Dont-Need-JavaScript,42,2020-03-07T03:40:08Z,0,34,9
wuyouzhuguli/SpringAll,https://github.com/wuyouzhuguli/SpringAll,1,2020-03-07T03:30:41Z,0,25,21
google/fonts,https://github.com/google/fonts,882,2020-03-06T22:51:38Z,0,1221,570
react-dnd/react-dnd,https://github.com/react-dnd/react-dnd,712,2020-03-07T00:56:16Z,120,1202,1111
realm/SwiftLint,https://github.com/realm/SwiftLint,1196,2020-03-07T00:17:38Z,74,1595,1268
bitcoinbook/bitcoinbook,https://github.com/bitcoinbook/bitcoinbook,245,2020-03-07T00:56:23Z,3,259,189
strongloop/loopback,https://github.com/strongloop/loopback,796,2020-03-06T09:00:29Z,3,3246,3224
numpy/numpy,https://github.com/numpy/numpy,5906,2020-03-07T03:48:49Z,48,8188,6365
dotnet/core,https://github.com/dotnet/core,945,2020-03-06T23:19:39Z,91,3028,2829
ethereum/wiki,https://github.com/ethereum/wiki,46,2020-03-06T22:38:26Z,0,319,303
salomonelli/best-resume-ever,https://github.com/salomonelli/best-resume-ever,134,2020-03-07T03:41:43Z,0,112,86
marcuswestin/WebViewJavascriptBridge,https://github.com/marcuswestin/WebViewJavascriptBridge,77,2020-03-06T09:57:56Z,0,256,196
preservim/nerdtree,https://github.com/preservim/nerdtree,246,2020-03-06T20:20:08Z,0,743,737
Eugeny/terminus,https://github.com/Eugeny/terminus,577,2020-03-07T03:35:02Z,89,1328,1057
toml-lang/toml,https://github.com/toml-lang/toml,274,2020-03-07T02:57:48Z,5,347,320
menzi11/BullshitGenerator,https://github.com/menzi11/BullshitGenerator,7,2020-03-07T02:09:33Z,0,128,24
spotify/luigi,https://github.com/spotify/luigi,1685,2020-03-06T22:54:31Z,46,822,784
alibaba/easyexcel,https://github.com/alibaba/easyexcel,28,2020-03-07T03:11:20Z,1,1041,932
haoel/leetcode,https://github.com/haoel/leetcode,75,2020-03-07T02:38:01Z,0,50,34
bokeh/bokeh,https://github.com/bokeh/bokeh,3464,2020-03-07T03:42:01Z,0,5758,5290
dotnet-architecture/eShopOnContainers,https://github.com/dotnet-architecture/eShopOnContainers,280,2020-03-07T03:44:38Z,7,806,756
pshihn/rough,https://github.com/pshihn/rough,38,2020-03-06T11:07:46Z,15,84,66
substack/stream-handbook,https://github.com/substack/stream-handbook,14,2020-03-07T00:56:03Z,0,46,11
so-fancy/diff-so-fancy,https://github.com/so-fancy/diff-so-fancy,117,2020-03-07T00:39:42Z,30,207,189
hwdsl2/setup-ipsec-vpn,https://github.com/hwdsl2/setup-ipsec-vpn,10,2020-03-07T01:04:07Z,0,689,672
mybatis/mybatis-3,https://github.com/mybatis/mybatis-3,576,2020-03-07T03:27:50Z,31,970,865
aFarkas/lazysizes,https://github.com/aFarkas/lazysizes,50,2020-03-07T03:42:20Z,89,661,530
swisskyrepo/PayloadsAllTheThings,https://github.com/swisskyrepo/PayloadsAllTheThings,119,2020-03-07T03:33:23Z,1,32,19
oblador/react-native-vector-icons,https://github.com/oblador/react-native-vector-icons,125,2020-03-06T23:43:53Z,55,917,675
facebook/yoga,https://github.com/facebook/yoga,102,2020-03-07T03:19:47Z,24,447,260
vadimdemedes/ink,https://github.com/vadimdemedes/ink,80,2020-03-07T03:36:17Z,23,148,114
pubkey/rxdb,https://github.com/pubkey/rxdb,1339,2020-03-06T22:15:49Z,46,355,351
marcuswestin/store.js,https://github.com/marcuswestin/store.js,55,2020-03-07T03:42:29Z,0,211,147
pouchdb/pouchdb,https://github.com/pouchdb/pouchdb,1387,2020-03-06T16:27:13Z,63,3859,3815
grab/front-end-guide,https://github.com/grab/front-end-guide,14,2020-03-07T03:42:45Z,0,9,8
youzan/vant,https://github.com/youzan/vant,2126,2020-03-07T03:21:31Z,2,3544,3520
maxwellito/vivus,https://github.com/maxwellito/vivus,29,2020-03-07T01:25:45Z,14,179,172
iperov/DeepFaceLab,https://github.com/iperov/DeepFaceLab,28,2020-03-06T23:43:09Z,2,562,353
hdodenhof/CircleImageView,https://github.com/hdodenhof/CircleImageView,13,2020-03-07T03:11:11Z,0,315,310
getlantern/download,https://github.com/getlantern/download,3,2020-03-07T03:37:08Z,0,0,0
matomo-org/matomo,https://github.com/matomo-org/matomo,3662,2020-03-07T00:52:27Z,448,10765,9068
flatpickr/flatpickr,https://github.com/flatpickr/flatpickr,318,2020-03-06T23:47:47Z,129,1623,1312
xuxueli/xxl-job,https://github.com/xuxueli/xxl-job,64,2020-03-06T14:06:15Z,28,1299,1224
tensorflow/tfjs,https://github.com/tensorflow/tfjs,735,2020-03-07T03:42:59Z,17,1973,1547
geeeeeeeeek/git-recipes,https://github.com/geeeeeeeeek/git-recipes,24,2020-03-06T16:23:22Z,0,0,0
twbs/bootstrap-sass,https://github.com/twbs/bootstrap-sass,139,2020-03-05T23:34:25Z,13,819,811
tj/n,https://github.com/tj/n,124,2020-03-07T01:23:29Z,28,400,398
foreversd/forever,https://github.com/foreversd/forever,85,2020-03-06T06:46:03Z,0,879,585
dianping/cat,https://github.com/dianping/cat,857,2020-03-07T02:15:10Z,0,968,908
signalapp/Signal-Android,https://github.com/signalapp/Signal-Android,236,2020-03-06T23:37:57Z,0,7288,6810
philc/vimium,https://github.com/philc/vimium,570,2020-03-06T22:59:30Z,0,2564,1914
winterbe/java8-tutorial,https://github.com/winterbe/java8-tutorial,10,2020-03-06T14:35:06Z,0,0,0
nikic/PHP-Parser,https://github.com/nikic/PHP-Parser,119,2020-03-07T01:56:59Z,53,406,363
textmate/textmate,https://github.com/textmate/textmate,86,2020-03-06T18:45:25Z,177,0,0
alibaba/canal,https://github.com/alibaba/canal,310,2020-03-07T03:42:23Z,19,2214,1852
react-native-community/lottie-react-native,https://github.com/react-native-community/lottie-react-native,114,2020-03-07T02:17:56Z,0,456,397
sqlitebrowser/sqlitebrowser,https://github.com/sqlitebrowser/sqlitebrowser,332,2020-03-06T17:13:15Z,30,1752,1400
chriskempson/tomorrow-theme,https://github.com/chriskempson/tomorrow-theme,131,2020-03-06T05:36:54Z,0,156,76
nfl/react-helmet,https://github.com/nfl/react-helmet,140,2020-03-07T01:01:56Z,1,309,201
nginx-proxy/nginx-proxy,https://github.com/nginx-proxy/nginx-proxy,172,2020-03-06T23:04:51Z,0,1025,531
docsifyjs/docsify,https://github.com/docsifyjs/docsify,262,2020-03-07T02:32:50Z,6,709,627
Awesome-Windows/Awesome,https://github.com/Awesome-Windows/Awesome,193,2020-03-07T03:08:31Z,0,63,61
adobe-webplatform/Snap.svg,https://github.com/adobe-webplatform/Snap.svg,41,2020-03-06T14:01:30Z,0,520,284
dgraph-io/dgraph,https://github.com/dgraph-io/dgraph,1750,2020-03-07T03:39:54Z,54,2035,1825
zyedidia/micro,https://github.com/zyedidia/micro,372,2020-03-06T22:55:12Z,24,1091,833
erusev/parsedown,https://github.com/erusev/parsedown,123,2020-03-07T01:56:56Z,25,491,441
philipwalton/solved-by-flexbox,https://github.com/philipwalton/solved-by-flexbox,22,2020-03-07T03:11:01Z,0,90,69
getify/Functional-Light-JS,https://github.com/getify/Functional-Light-JS,38,2020-03-07T03:43:20Z,0,115,100
processing/p5.js,https://github.com/processing/p5.js,1483,2020-03-07T03:45:09Z,68,2530,2460
Kong/insomnia,https://github.com/Kong/insomnia,426,2020-03-07T01:52:56Z,79,1512,1252
sharkdp/fd,https://github.com/sharkdp/fd,168,2020-03-07T03:13:55Z,19,336,304
